mode,case_id,date,pest_type,orchard_stage,split,actual_value,actual_level,actual_risk,previous_actual_risk,previous_actual_level,raw_risk,raw_level,predicted_risk,predicted_level,match,legacy_raw_risk,legacy_risk,legacy_level,majority_level,training_median,mean_mean_risk,spatial_score,spatial_contribution,weather_contribution,observed_prior_contribution,numeric_scale,numeric_intercept,raw_class_low,raw_class_high,numeric_threshold_level,class_numeric_disagreement
grid,CF-2022-03,2022-03,cecid,fruitlet,calibration,0.0,Low,0.0,0.0,Low,0.0420360348958333,Low,0.0101890206596347,Low,True,0.039217,0.010308,Low,Low,0.0026,0.0116041666666666,0.0147572916666666,0.0036155364583333,0.0384204984374999,0.0,0.4768056361471119,-0.0098539976999752,0.0988166182291666,1.0,Low,False
grid,CF-2022-04,2022-04,cecid,fruitlet,calibration,0.2,Low,0.002,0.0,Low,0.0925465755208333,Medium,0.0342727311144723,Low,True,0.091047,0.034767,Low,Low,0.0026,0.0121458333333333,0.0096197916666666,0.0023568489583333,0.0901897265624999,0.0,0.4768056361471119,-0.0098539976999752,0.0988166182291666,1.0,Low,False
grid,FF-2022-05,2022-05,fruitfly,mature,calibration,25.93,High,0.64825,0.22925,Medium,0.8108718861607144,High,0.4706737701918921,Medium,False,0.810872,0.470674,Medium,Medium,0.44275,1.0,1.0,0.63,0.1579468861607144,0.022925,3.620448557940953,-2.465046180733527,0.0,0.834930611049107,Medium,False
grid,FF-2022-06,2022-06,fruitfly,mature,calibration,30.5,High,0.7625,0.64825,High,0.8391396484375,High,0.5730157493630985,High,True,0.83914,0.573016,High,Medium,0.44275,1.0,1.0,0.63,0.1443146484375,0.064825,3.620448557940953,-2.465046180733527,0.0,0.834930611049107,High,False
grid,FF-2022-07,2022-07,fruitfly,mature,calibration,21.42,High,0.5355000000000001,0.7625,High,0.8534293303571429,High,0.6247508076625041,High,True,0.853429,0.624751,High,Medium,0.44275,1.0,1.0,0.63,0.1471793303571428,0.07625,3.620448557940953,-2.465046180733527,0.0,0.834930611049107,High,False
grid,CF-2023-03,2023-03,cecid,fruitlet,calibration,8.91,Medium,0.0891,0.2739999999999999,High,0.2095156187499999,High,0.0900442301808742,Medium,True,0.207851,0.089887,Medium,Low,0.0026,0.0112083333333333,0.0124187499999999,0.0030425937499999,0.0283730249999999,0.1780999999999999,0.4768056361471119,-0.0098539976999752,0.0988166182291666,1.0,Medium,False
grid,CF-2023-04,2023-04,cecid,fruitlet,calibration,7.32,Medium,0.0732,0.0891,Medium,0.1050866609374999,Medium,0.0402519145189052,Medium,True,0.098886,0.038466,Medium,Low,0.0026,0.0221875,0.030184375,0.0073951718749999,0.0397764890624999,0.057915,0.4768056361471119,-0.0098539976999752,0.0988166182291666,1.0,Low,True
grid,FF-2023-05,2023-05,fruitfly,mature,calibration,10.43,Medium,0.26075,0.097,Low,0.7902417243303571,High,0.3959833305430869,Medium,True,0.790242,0.395983,Medium,Medium,0.44275,1.0,1.0,0.63,0.1505417243303571,0.0097,3.620448557940953,-2.465046180733527,0.0,0.834930611049107,Medium,False
grid,FF-2023-06,2023-06,fruitfly,mature,calibration,13.06,Medium,0.3265,0.26075,Medium,0.8026067020089285,High,0.4407500961484425,Medium,True,0.802607,0.44075,Medium,Medium,0.44275,1.0,1.0,0.63,0.1465317020089285,0.026075,3.620448557940953,-2.465046180733527,0.0,0.834930611049107,Medium,False
grid,FF-2023-07,2023-07,fruitfly,mature,calibration,30.29,High,0.75725,0.3265,Medium,0.8109472991071428,High,0.4709467988850391,Medium,False,0.810947,0.470947,Medium,Medium,0.44275,1.0,1.0,0.63,0.1482972991071428,0.03265,3.620448557940953,-2.465046180733527,0.0,0.834930611049107,Medium,False
grid,CF-2024-03,2024-03,cecid,fruitlet,calibration,0.25,Low,0.0025,0.0013,Low,0.0121488942708333,Low,0.0,Low,True,0.011021,0.0,Low,Low,0.0026,0.008125,0.0081041666666666,0.0019855208333333,0.0093183734374999,0.0008449999999999,0.4768056361471119,-0.0098539976999752,0.0988166182291666,1.0,Low,False
grid,CF-2024-04,2024-04,cecid,fruitlet,calibration,0.27,Low,0.0027,0.0025,Low,0.0181571630208333,Low,0.0,Low,True,0.015401,0.0,Low,Low,0.0026,0.0112916666666666,0.0163729166666666,0.0040113645833333,0.0125207984375,0.001625,0.4768056361471119,-0.0098539976999752,0.0988166182291666,1.0,Low,False
grid,FF-2024-05,2024-05,fruitfly,mature,calibration,15.63,Medium,0.39075,0.22625,Medium,0.8338213671875,High,0.5537611856808113,Medium,True,0.833821,0.553761,Medium,Medium,0.44275,1.0,1.0,0.63,0.1811963671875,0.022625,3.620448557940953,-2.465046180733527,0.0,0.834930611049107,High,True
grid,FF-2024-06,2024-06,fruitfly,mature,calibration,16.51,Medium,0.41275,0.39075,Medium,0.8234783370535714,High,0.5163147771476901,Medium,True,0.823478,0.516315,Medium,Medium,0.44275,1.0,1.0,0.63,0.1544033370535715,0.039075,3.620448557940953,-2.465046180733527,0.0,0.834930611049107,High,True
grid,FF-2024-07,2024-07,fruitfly,mature,calibration,17.71,Medium,0.44275,0.41275,Medium,0.8164318917410713,High,0.4908034843774391,Medium,True,0.816432,0.490803,Medium,Medium,0.44275,1.0,1.0,0.63,0.1451568917410714,0.041275,3.620448557940953,-2.465046180733527,0.0,0.834930611049107,Medium,False
grid,CF-2025-03,2025-03,cecid,fruitlet,testing,0.18,Low,0.0018,0.0105,Low,0.0770787223958333,Medium,0.0268975715653766,Low,True,0.07547,0.027416,Low,Low,0.0026,0.0090416666666666,0.0109416666666666,0.0026807083333333,0.0675730140624999,0.006825,0.4768056361471119,-0.0098539976999752,0.0988166182291666,1.0,Low,False
grid,CF-2025-04,2025-04,cecid,fruitlet,testing,0.03,Low,0.0003,0.0018,Low,0.0917155572916666,Medium,0.0338764969390647,Low,True,0.090106,0.034323,Low,Low,0.0026,0.0114166666666666,0.0114458333333333,0.0028042291666666,0.0877413281249999,0.00117,0.4768056361471119,-0.0098539976999752,0.0988166182291666,1.0,Low,False
grid,FF-2025-05,2025-05,fruitfly,mature,testing,15.7,Medium,0.3924999999999999,0.3415,Medium,0.8225713950892858,High,0.5130312404209558,Medium,True,0.822571,0.513031,Medium,Medium,0.44275,1.0,1.0,0.63,0.1584213950892857,0.03415,3.620448557940953,-2.465046180733527,0.0,0.834930611049107,High,True
grid,FF-2025-06,2025-06,fruitfly,mature,testing,14.47,Medium,0.36175,0.3924999999999999,Medium,0.8084120982142857,High,0.461768234468404,Medium,True,0.808412,0.461768,Medium,Medium,0.44275,1.0,1.0,0.63,0.1391620982142857,0.03925,3.620448557940953,-2.465046180733527,0.0,0.834930611049107,Medium,False
grid,FF-2025-07,2025-07,fruitfly,mature,testing,12.09,Medium,0.30225,0.36175,Medium,0.8127521037946428,High,0.4774810014132633,Medium,True,0.812752,0.477481,Medium,Medium,0.44275,1.0,1.0,0.63,0.1465771037946428,0.036175,3.620448557940953,-2.465046180733527,0.0,0.834930611049107,Medium,False
tree_graph,CF-2022-03,2022-03,cecid,fruitlet,calibration,0.0,Low,0.0,0.0,Low,0.0407015873550257,Low,0.0102747421817517,Low,True,0.040062,0.010195,Low,Low,0.0026,0.0105240549828178,0.0093105670103092,0.0022810889175257,0.0384204984374999,0.0,0.472007846402486,-0.0089367264108565,0.0966952792042525,1.0,Low,False
tree_graph,CF-2022-04,2022-04,cecid,fruitlet,calibration,0.2,Low,0.002,0.0,Low,0.092322426304768,Medium,0.0346401832039092,Low,True,0.091958,0.034661,Low,Low,0.0026,0.0117268041237113,0.0087048969072164,0.002132699742268,0.0901897265624999,0.0,0.472007846402486,-0.0089367264108565,0.0966952792042525,1.0,Low,False
tree_graph,FF-2022-05,2022-05,fruitfly,mature,calibration,25.93,High,0.64825,0.22925,Medium,0.6299809712122607,High,0.4526339311631803,Medium,False,0.592222,0.461037,Medium,Medium,0.44275,0.5209192439862543,0.7128715635738831,0.4491090850515464,0.1579468861607144,0.022925,1.3292185974768356,-0.3847484918286756,0.0,0.6967709717300258,Medium,False
tree_graph,FF-2022-06,2022-06,fruitfly,mature,calibration,30.5,High,0.7625,0.64825,High,0.7385967360663659,High,0.5970080257864278,High,True,0.69928,0.588274,High,Medium,0.44275,0.7261168384879725,0.8404080756013745,0.529457087628866,0.1443146484375,0.064825,1.3292185974768356,-0.3847484918286756,0.0,0.6967709717300258,High,False
tree_graph,FF-2022-07,2022-07,fruitfly,mature,calibration,21.42,High,0.5355000000000001,0.7625,High,0.7527944076767304,High,0.6158798349317931,High,True,0.724031,0.617689,High,Medium,0.44275,0.7270618556701032,0.840262027491409,0.5293650773195877,0.1471793303571428,0.07625,1.3292185974768356,-0.3847484918286756,0.0,0.6967709717300258,High,False
tree_graph,CF-2023-03,2023-03,cecid,fruitlet,calibration,8.91,Medium,0.0891,0.2739999999999999,High,0.2095128982817869,High,0.0899550055006727,Medium,True,0.209315,0.089989,Medium,Low,0.0026,0.0163659793814433,0.0124076460481099,0.0030398732817869,0.0283730249999999,0.1780999999999999,0.472007846402486,-0.0089367264108565,0.0966952792042525,1.0,Medium,False
tree_graph,CF-2023-04,2023-04,cecid,fruitlet,calibration,7.32,Medium,0.0732,0.0891,Medium,0.1010681321037371,Medium,0.0387682249633503,Medium,True,0.100154,0.038525,Medium,Low,0.0026,0.0159364261168384,0.0137822164948453,0.0033766430412371,0.0397764890624999,0.057915,0.472007846402486,-0.0089367264108565,0.0966952792042525,1.0,Low,True
tree_graph,FF-2023-05,2023-05,fruitfly,mature,calibration,10.43,Medium,0.26075,0.097,Low,0.6102912088664396,High,0.4264619328732157,Medium,True,0.566291,0.430218,Medium,Medium,0.44275,0.4889175257731959,0.7143642611683849,0.4500494845360825,0.1505417243303571,0.0097,1.3292185974768356,-0.3847484918286756,0.0,0.6967709717300258,Medium,False
tree_graph,FF-2023-06,2023-06,fruitfly,mature,calibration,13.06,Medium,0.3265,0.26075,Medium,0.6250213927305782,High,0.4460415672096819,Medium,True,0.547521,0.40791,Medium,Medium,0.44275,0.493213058419244,0.7181185567010311,0.4524146907216496,0.1465317020089285,0.026075,1.3292185974768356,-0.3847484918286756,0.0,0.6967709717300258,Medium,False
tree_graph,FF-2023-07,2023-07,fruitfly,mature,calibration,30.29,High,0.75725,0.3265,Medium,0.6361588326122974,High,0.4608456594287433,Medium,False,0.595893,0.4654,Medium,Medium,0.44275,0.5103522336769759,0.7225579896907217,0.4552115335051547,0.1482972991071428,0.03265,1.3292185974768356,-0.3847484918286756,0.0,0.6967709717300258,Medium,False
tree_graph,CF-2024-03,2024-03,cecid,fruitlet,calibration,0.25,Low,0.0025,0.0013,Low,0.0121240048807989,Low,0.0,Low,True,0.011931,0.0,Low,Low,0.0026,0.0099656357388316,0.0080025773195876,0.0019606314432989,0.0093183734374999,0.0008449999999999,0.472007846402486,-0.0089367264108565,0.0966952792042525,1.0,Low,False
tree_graph,CF-2024-04,2024-04,cecid,fruitlet,calibration,0.27,Low,0.0027,0.0025,Low,0.0169757168223797,Low,0.0,Low,True,0.016735,0.0,Low,Low,0.0026,0.0143470790378006,0.0115506872852233,0.0028299183848797,0.0125207984375,0.001625,0.472007846402486,-0.0089367264108565,0.0966952792042525,1.0,Low,False
tree_graph,FF-2024-05,2024-05,fruitfly,mature,calibration,15.63,Medium,0.39075,0.22625,Medium,0.6549452073936857,High,0.4858168581673344,Medium,True,0.625931,0.501099,Medium,Medium,0.44275,0.5035223367697594,0.7160695876288661,0.4511238402061856,0.1811963671875,0.022625,1.3292185974768356,-0.3847484918286756,0.0,0.6967709717300258,Medium,False
tree_graph,FF-2024-06,2024-06,fruitfly,mature,calibration,16.51,Medium,0.41275,0.39075,Medium,0.694865514888623,High,0.538879673306599,Medium,True,0.662691,0.544788,Medium,Medium,0.44275,0.6536512027491409,0.7958526632302406,0.5013871778350516,0.1544033370535715,0.039075,1.3292185974768356,-0.3847484918286756,0.0,0.6967709717300258,High,True
tree_graph,FF-2024-07,2024-07,fruitfly,mature,calibration,17.71,Medium,0.44275,0.41275,Medium,0.6757210669988034,High,0.5134325171330246,Medium,True,0.642327,0.520586,Medium,Medium,0.44275,0.6307560137457044,0.7766494845360825,0.4892891752577319,0.1451568917410714,0.041275,1.3292185974768356,-0.3847484918286756,0.0,0.6967709717300258,High,True
tree_graph,CF-2025-03,2025-03,cecid,fruitlet,testing,0.18,Low,0.0018,0.0105,Low,0.0768464354542525,Medium,0.0273353940916128,Low,True,0.076608,0.027424,Low,Low,0.0026,0.0104381443298969,0.0099935567010309,0.0024484213917525,0.0675730140624999,0.006825,0.472007846402486,-0.0089367264108565,0.0966952792042525,1.0,Low,False
tree_graph,CF-2025-04,2025-04,cecid,fruitlet,testing,0.03,Low,0.0003,0.0018,Low,0.0915002456507731,Medium,0.0342521074840633,Low,True,0.091374,0.034386,Low,Low,0.0026,0.0128865979381443,0.0105670103092783,0.0025889175257731,0.0877413281249999,0.00117,0.472007846402486,-0.0089367264108565,0.0966952792042525,1.0,Low,False
tree_graph,FF-2025-05,2025-05,fruitfly,mature,testing,15.7,Medium,0.3924999999999999,0.3415,Medium,0.6556010986975331,High,0.4866886810863318,Medium,True,0.617267,0.490802,Medium,Medium,0.44275,0.5425687285223368,0.7349677835051547,0.4630297036082474,0.1584213950892857,0.03415,1.3292185974768356,-0.3847484918286756,0.0,0.6967709717300258,Medium,False
tree_graph,FF-2025-06,2025-06,fruitfly,mature,testing,14.47,Medium,0.36175,0.3924999999999999,Medium,0.6171023688328423,High,0.4355154533709479,Medium,True,0.596407,0.466011,Medium,Medium,0.44275,0.487328178694158,0.6963337628865979,0.4386902706185566,0.1391620982142857,0.03925,1.3292185974768356,-0.3847484918286756,0.0,0.6967709717300258,Medium,False
tree_graph,FF-2025-07,2025-07,fruitfly,mature,testing,12.09,Medium,0.30225,0.36175,Medium,0.6570408924544366,High,0.488602481724539,Medium,True,0.603381,0.474299,Medium,Medium,0.44275,0.588573883161512,0.7528393470790378,0.4742887886597938,0.1465771037946428,0.036175,1.3292185974768356,-0.3847484918286756,0.0,0.6967709717300258,Medium,False
