mode,split,pest,prediction,n,correct,accuracy_pct,mae,rmse,r_squared,normalized_mae,mean_actual,mean_predicted,n_samples,observed_high,high_recall,high_precision,high_f1,specificity,observed_medium_high,medium_high_recall
grid,all,both,legacy,20,18,90.0,0.09229704999999999,0.11995259369746865,0.7757495805055571,0.12104531147540983,0.28825500000000004,0.3112223499999999,20,4,0.5,1.0,0.6666666666666666,1.0,14,1.0
grid,all,both,raw,20,8,40.0,0.23539445052827382,0.3027282732854792,-0.4283016753187756,0.3087140334797034,0.28825500000000004,0.5236494505282738,20,4,1.0,0.3076923076923077,0.47058823529411764,0.4375,14,1.0
grid,all,both,calibrated,20,18,90.0,0.09213679876815423,0.11990858330010457,0.7759141044936292,0.12083514592544817,0.28825500000000004,0.31124062206404773,20,4,0.5,1.0,0.6666666666666666,1.0,14,1.0
grid,all,both,majority,20,14,70.0,0.087405,0.13105937204183452,0.7322989074891615,0.11462950819672131,0.28825500000000004,0.2666900000000001,20,4,0.0,0.0,0.0,1.0,14,0.8571428571428571
grid,all,both,previous_month,20,16,80.0,0.09963249999999997,0.16230851063638035,0.5894211600312075,0.13066557377049176,0.28825500000000004,0.24144749999999995,20,4,0.5,0.6666666666666666,0.5714285714285715,0.9375,14,0.9285714285714286
grid,all,cecid,legacy,8,8,100.0,0.017929374999999997,0.022951811646904914,0.5627019266169284,0.20122755331088663,0.02145,0.029395875,8,0,,,,1.0,2,1.0
grid,all,cecid,raw,8,4,50.0,0.05958565338541662,0.07056743774822717,-3.1338272055700713,0.6687503185793111,0.02145,0.08103565338541663,8,0,,,,0.875,2,1.0
grid,all,cecid,calibrated,8,8,100.0,0.01752851699256466,0.02236800859562524,0.5846652552872009,0.19672858577513647,0.02145,0.02944149562229096,8,0,,,,1.0,2,1.0
grid,all,cecid,majority,8,6,75.0,0.020449999999999996,0.03949632894333345,-0.2949621774185178,0.2295173961840628,0.02145,0.0026,8,0,,,,1.0,2,0.0
grid,all,cecid,previous_month,8,7,87.5,0.02679999999999999,0.06569269365766633,-2.582430399186473,0.30078563411896736,0.02145,0.0474,8,0,,,,0.875,2,1.0
grid,all,fruitfly,legacy,12,10,83.33333333333334,0.1418755,0.15372004028753047,0.1261548767224131,0.2827613353263578,0.46612500000000007,0.4991066666666666,12,4,0.5,1.0,0.6666666666666666,1.0,12,1.0
grid,all,fruitfly,raw,12,4,33.33333333333333,0.35260031529017866,0.3865499151430679,-4.525666277840285,0.7027410369510289,0.46612500000000007,0.8187253152901786,12,4,1.0,0.3333333333333333,0.5,0.0,12,1.0
grid,all,fruitfly,calibrated,12,10,83.33333333333334,0.14187565328521395,0.15372018532398693,0.12615322775771431,0.2827616408275316,0.46612500000000007,0.4991067063585523,12,4,0.5,1.0,0.6666666666666666,1.0,12,1.0
grid,all,fruitfly,majority,12,8,66.66666666666666,0.1320416666666667,0.166095228709316,-0.02020583148767585,0.26316226540441795,0.46612500000000007,0.44275000000000014,12,4,0.0,0.0,0.0,1.0,12,1.0
grid,all,fruitfly,previous_month,12,9,75.0,0.1481875,0.20255797781129234,-0.5173025685888273,0.2953413054309916,0.46612500000000007,0.3708125,12,4,0.5,1.0,0.6666666666666666,1.0,12,0.9166666666666666
grid,calibration,both,legacy,15,13,86.66666666666667,0.09270146666666665,0.12402191340350568,0.7887286244667715,0.12157569398907102,0.3137666666666667,0.3140285333333333,15,4,0.5,1.0,0.6666666666666666,1.0,11,1.0
grid,calibration,both,raw,15,8,53.333333333333336,0.21026394225198414,0.27973602150761967,-0.07483201301048181,0.2757559898386677,0.3137666666666667,0.5240306089186508,15,4,1.0,0.4,0.5714285714285715,0.45454545454545453,11,1.0
grid,calibration,both,calibrated,15,13,86.66666666666667,0.09255209537040135,0.1239803120756674,0.7888703364500225,0.12137979720708375,0.3137666666666667,0.3141171930982594,15,4,0.5,1.0,0.6666666666666666,1.0,11,1.0
grid,calibration,both,majority,15,9,60.0,0.09821666666666667,0.14484449995311063,0.7118306261800771,0.12880874316939891,0.3137666666666667,0.26669000000000004,15,4,0.0,0.0,0.0,1.0,11,0.8181818181818182
grid,calibration,both,previous_month,15,11,73.33333333333333,0.12274666666666664,0.1861390698733969,0.5240965161027682,0.16097923497267758,0.3137666666666667,0.24805999999999997,15,4,0.5,0.6666666666666666,0.5714285714285715,0.9090909090909091,11,0.9090909090909091
grid,calibration,cecid,legacy,6,6,100.0,0.013966,0.020002255197852068,0.7184517071174021,0.15674523007856342,0.02825,0.028904666666666665,6,0,,,,1.0,2,1.0
grid,calibration,cecid,raw,6,4,66.66666666666666,0.0516651578993055,0.06559270284910311,-2.0276524814709016,0.5798558686790741,0.02825,0.07991515789930552,6,0,,,,0.8333333333333334,2,1.0
grid,calibration,cecid,calibrated,6,6,100.0,0.013592344572679332,0.019344909852006268,0.7366529904425945,0.15255156647227083,0.02825,0.029126316078981068,6,0,,,,1.0,2,1.0
grid,calibration,cecid,majority,6,4,66.66666666666666,0.026749999999999996,0.045595595547523377,-0.46298797297511207,0.3002244668911335,0.02825,0.0026,6,0,,,,1.0,2,0.0
grid,calibration,cecid,previous_month,6,5,83.33333333333334,0.03403333333333332,0.07576971690589845,-3.0400459054809135,0.3819678264122707,0.02825,0.06114999999999999,6,0,,,,0.8333333333333334,2,1.0
grid,calibration,fruitfly,legacy,9,7,77.77777777777779,0.14519177777777775,0.15927648350727874,0.14913077337627,0.2893707579028954,0.5041111111111112,0.504111111111111,9,4,0.5,1.0,0.6666666666666666,1.0,9,1.0
grid,calibration,fruitfly,raw,9,4,44.44444444444444,0.3159964651537699,0.3571444167795691,-3.2780635298841503,0.6297886699626706,0.5041111111111112,0.8201075762648808,9,4,1.0,0.4444444444444444,0.6153846153846153,0.0,9,1.0
grid,calibration,fruitfly,calibrated,9,7,77.77777777777779,0.14519192923554936,0.15927663339562703,0.14912917194158015,0.289371059761932,0.5041111111111112,0.5041111111111116,9,4,0.5,1.0,0.6666666666666666,1.0,9,1.0
grid,calibration,fruitfly,majority,9,5,55.55555555555556,0.1458611111111111,0.1832500378960094,-0.12628330208738703,0.2907047555777003,0.5041111111111112,0.4427500000000001,9,4,0.0,0.0,0.0,1.0,9,1.0
grid,calibration,fruitfly,previous_month,9,6,66.66666666666666,0.18188888888888888,0.23220441186353216,-0.8084247131253621,0.36250899629076017,0.5041111111111112,0.3726666666666667,9,4,0.5,1.0,0.6666666666666666,1.0,9,0.8888888888888888
grid,testing,both,legacy,5,5,100.0,0.09108380000000002,0.10681850928654642,0.625036955046073,0.23223814380418167,0.21171999999999996,0.3028038,5,0,,,,1.0,3,1.0
grid,testing,both,raw,5,0,0.0,0.31078597535714286,0.363071486898788,-3.331913032914131,0.7924170712828734,0.21171999999999996,0.5225059753571428,5,0,,,,0.4,3,1.0
grid,testing,both,calibrated,5,5,100.0,0.09089090896141289,0.10676572506667502,0.6254074384353894,0.23174632575576978,0.21171999999999996,0.3026109089614129,5,0,,,,1.0,3,1.0
grid,testing,both,majority,5,5,100.0,0.05497,0.07593713518430885,0.8105023365847303,0.14015808261091284,0.21171999999999996,0.26669,5,0,,,,1.0,3,1.0
grid,testing,both,previous_month,5,5,100.0,0.03028999999999995,0.037854332645022234,0.9529102234174567,0.07723100458949504,0.21171999999999996,0.22161,5,0,,,,1.0,3,1.0
grid,testing,cecid,legacy,2,2,100.0,0.0298195,0.030114315408124422,-1611.2168755555556,19.879666666666665,0.00105,0.0308695,2,0,,,,1.0,0,
grid,testing,cecid,raw,2,0,0.0,0.08334713984374995,0.08373676062666538,-12464.502364884367,55.5647598958333,0.00105,0.08439713984374994,2,0,,,,1.0,0,
grid,testing,cecid,calibrated,2,2,100.0,0.02933703425222065,0.02964177158317482,-1561.0171068250852,19.558022834813766,0.00105,0.030387034252220647,2,0,,,,1.0,0,
grid,testing,cecid,majority,2,2,100.0,0.00155,0.0017219175357722565,-4.271111111111111,1.0333333333333332,0.00105,0.0026,2,0,,,,1.0,0,
grid,testing,cecid,previous_month,2,2,100.0,0.0051,0.006242595614005444,-68.28000000000002,3.4000000000000004,0.00105,0.00615,2,0,,,,1.0,0,
grid,testing,fruitfly,legacy,3,3,100.0,0.1319266666666667,0.13569233047105747,-12.119572233752644,1.461791320406281,0.3521666666666666,0.4840933333333333,3,0,,,,1.0,3,1.0
grid,testing,fruitfly,raw,3,0,0.0,0.4624118656994048,0.46370997862672353,-152.2152363555155,5.1236771822648794,0.3521666666666666,0.8145785323660714,3,0,,,,0.0,3,1.0
grid,testing,fruitfly,calibrated,3,3,100.0,0.13192682543420772,0.1356924598738952,-12.119597256695068,1.4617930796034115,0.3521666666666666,0.4840934921008744,3,0,,,,1.0,3,1.0
grid,testing,fruitfly,majority,3,3,100.0,0.09058333333333334,0.09802433796426951,-5.846630775777621,1.0036934441366587,0.3521666666666666,0.44275,3,0,,,,1.0,3,1.0
grid,testing,fruitfly,previous_month,3,3,100.0,0.047083333333333255,0.048603197768596736,-0.6832117727394174,0.5216989843028622,0.3521666666666666,0.36525,3,0,,,,1.0,3,1.0
tree_graph,all,both,legacy,20,18,90.0,0.09122605000000002,0.11888892659137774,0.7797089819200684,0.11964072131147543,0.28825500000000004,0.31016465000000004,20,4,0.5,1.0,0.6666666666666666,1.0,14,1.0
tree_graph,all,both,raw,20,8,40.0,0.15752990327511351,0.19715261198758394,0.3942142564135558,0.20659659445916528,0.28825500000000004,0.42945855726420595,20,4,1.0,0.3076923076923077,0.47058823529411764,0.4375,14,1.0
tree_graph,all,both,calibrated,20,18,90.0,0.09061102954618877,0.11934789720041819,0.7780048322135382,0.11883413710975577,0.28825500000000004,0.3091516136803588,20,4,0.5,1.0,0.6666666666666666,1.0,14,1.0
tree_graph,all,both,majority,20,14,70.0,0.087405,0.13105937204183452,0.7322989074891615,0.11462950819672131,0.28825500000000004,0.2666900000000001,20,4,0.0,0.0,0.0,1.0,14,0.8571428571428571
tree_graph,all,both,previous_month,20,16,80.0,0.09963249999999997,0.16230851063638035,0.5894211600312075,0.13066557377049176,0.28825500000000004,0.24144749999999995,20,4,0.5,0.6666666666666666,0.5714285714285715,0.9375,14,0.9285714285714286
tree_graph,all,cecid,legacy,8,8,100.0,0.017916249999999998,0.02292872015617095,0.563581402704133,0.20108024691358023,0.02145,0.0293975,8,0,,,,1.0,2,1.0
tree_graph,all,cecid,raw,8,4,50.0,0.058681430856690246,0.07012179458650801,-3.081780681767274,0.6586019175835045,0.02145,0.08013143085669024,8,0,,,,0.875,2,1.0
tree_graph,all,cecid,calibrated,8,8,100.0,0.017861150937332426,0.022846148491294488,0.5667190329984935,0.2004618511485121,0.02145,0.029403207178169997,8,0,,,,1.0,2,1.0
tree_graph,all,cecid,majority,8,6,75.0,0.020449999999999996,0.03949632894333345,-0.2949621774185178,0.2295173961840628,0.02145,0.0026,8,0,,,,1.0,2,0.0
tree_graph,all,cecid,previous_month,8,7,87.5,0.02679999999999999,0.06569269365766633,-2.582430399186473,0.30078563411896736,0.02145,0.0474,8,0,,,,0.875,2,1.0
tree_graph,all,fruitfly,legacy,12,10,83.33333333333334,0.14009925,0.1523389115473019,0.1417868115934826,0.279221225710015,0.46612500000000007,0.49734275000000006,12,4,0.5,1.0,0.6666666666666666,1.0,12,1.0
tree_graph,all,fruitfly,raw,12,4,33.33333333333333,0.22342888488739568,0.24799975128722024,-1.2744478223739777,0.44529922249605525,0.46612500000000007,0.6623433082025497,12,4,1.0,0.3333333333333333,0.5,0.0,12,1.0
tree_graph,all,fruitfly,calibrated,12,10,83.33333333333334,0.1391109486187597,0.15294411814890146,0.13495430896559701,0.2772515169282705,0.46612500000000007,0.49565055134848474,12,4,0.5,1.0,0.6666666666666666,1.0,12,1.0
tree_graph,all,fruitfly,majority,12,8,66.66666666666666,0.1320416666666667,0.166095228709316,-0.02020583148767585,0.26316226540441795,0.46612500000000007,0.44275000000000014,12,4,0.0,0.0,0.0,1.0,12,1.0
tree_graph,all,fruitfly,previous_month,12,9,75.0,0.1481875,0.20255797781129234,-0.5173025685888273,0.2953413054309916,0.46612500000000007,0.3708125,12,4,0.5,1.0,0.6666666666666666,1.0,12,0.9166666666666666
tree_graph,calibration,both,legacy,15,13,86.66666666666667,0.09267993333333333,0.12402650115277784,0.7887129937124975,0.12154745355191257,0.3137666666666667,0.31402473333333336,15,4,0.5,1.0,0.6666666666666666,1.0,11,1.0
tree_graph,calibration,both,raw,15,8,53.333333333333336,0.14074046829416217,0.18314475116991974,0.5392845692844692,0.18457766333660613,0.3137666666666667,0.43273867361295204,15,4,1.0,0.4,0.5714285714285715,0.45454545454545453,11,1.0
tree_graph,calibration,both,calibrated,15,13,86.66666666666667,0.0932284315444187,0.12490890338389535,0.7856958425400571,0.1222667954680901,0.3137666666666667,0.31404254372331225,15,4,0.5,1.0,0.6666666666666666,1.0,11,1.0
tree_graph,calibration,both,majority,15,9,60.0,0.09821666666666667,0.14484449995311063,0.7118306261800771,0.12880874316939891,0.3137666666666667,0.26669000000000004,15,4,0.0,0.0,0.0,1.0,11,0.8181818181818182
tree_graph,calibration,both,previous_month,15,11,73.33333333333333,0.12274666666666664,0.1861390698733969,0.5240965161027682,0.16097923497267758,0.3137666666666667,0.24805999999999997,15,4,0.5,0.6666666666666666,0.5714285714285715,0.9090909090909091,11,0.9090909090909091
tree_graph,calibration,cecid,legacy,6,6,100.0,0.013936666666666665,0.019947284242890478,0.7199971039904577,0.15641601197156751,0.02825,0.028895,6,0,,,,1.0,2,1.0
tree_graph,calibration,cecid,raw,6,4,66.66666666666666,0.050534127624749396,0.0650475163849586,-1.977531803632532,0.567161926203697,0.02825,0.07878412762474939,6,0,,,,0.8333333333333334,2,1.0
tree_graph,calibration,cecid,calibrated,6,6,100.0,0.013900284320497218,0.01987783545001341,0.7219434352679521,0.15600768036472748,0.02825,0.028939692641613984,6,0,,,,1.0,2,1.0
tree_graph,calibration,cecid,majority,6,4,66.66666666666666,0.026749999999999996,0.045595595547523377,-0.46298797297511207,0.3002244668911335,0.02825,0.0026,6,0,,,,1.0,2,0.0
tree_graph,calibration,cecid,previous_month,6,5,83.33333333333334,0.03403333333333332,0.07576971690589845,-3.0400459054809135,0.3819678264122707,0.02825,0.06114999999999999,6,0,,,,0.8333333333333334,2,1.0
tree_graph,calibration,fruitfly,legacy,9,7,77.77777777777779,0.14517544444444447,0.15928703299773722,0.14901805699962423,0.28933820517079123,0.5041111111111112,0.5041112222222223,9,4,0.5,1.0,0.6666666666666666,1.0,9,1.0
tree_graph,calibration,fruitfly,raw,9,4,44.44444444444444,0.20087802874043736,0.2303964992715501,-0.7803740319106325,0.40035481562618314,0.5041111111111112,0.6687083709384205,9,4,1.0,0.4444444444444444,0.6153846153846153,0.0,9,1.0
tree_graph,calibration,fruitfly,calibrated,9,7,77.77777777777779,0.14611386302703305,0.16043785301322638,0.13667725605960757,0.2912084963169568,0.5041111111111112,0.504111111111111,9,4,0.5,1.0,0.6666666666666666,1.0,9,1.0
tree_graph,calibration,fruitfly,majority,9,5,55.55555555555556,0.1458611111111111,0.1832500378960094,-0.12628330208738703,0.2907047555777003,0.5041111111111112,0.4427500000000001,9,4,0.0,0.0,0.0,1.0,9,1.0
tree_graph,calibration,fruitfly,previous_month,9,6,66.66666666666666,0.18188888888888888,0.23220441186353216,-0.8084247131253621,0.36250899629076017,0.5041111111111112,0.3726666666666667,9,4,0.5,1.0,0.6666666666666666,1.0,9,0.8888888888888888
tree_graph,testing,both,legacy,5,5,100.0,0.08686440000000002,0.10193423615056917,0.6585433404661856,0.2214798572157064,0.21171999999999996,0.2985844,5,0,,,,1.0,3,1.0
tree_graph,testing,both,raw,5,0,0.0,0.20789820821796753,0.23420207089355952,-0.8025067654648868,0.5300821219224059,0.21171999999999996,0.41961820821796747,5,0,,,,0.4,3,1.0
tree_graph,testing,both,calibrated,5,5,100.0,0.08275882355149897,0.10084135972379807,0.6658258688548111,0.21101178875955887,0.21171999999999996,0.29447882355149896,5,0,,,,1.0,3,1.0
tree_graph,testing,both,majority,5,5,100.0,0.05497,0.07593713518430885,0.8105023365847303,0.14015808261091284,0.21171999999999996,0.26669,5,0,,,,1.0,3,1.0
tree_graph,testing,both,previous_month,5,5,100.0,0.03028999999999995,0.037854332645022234,0.9529102234174567,0.07723100458949504,0.21171999999999996,0.22161,5,0,,,,1.0,3,1.0
tree_graph,testing,cecid,legacy,2,2,100.0,0.029855,0.030153314676831137,-1615.395352888889,19.903333333333332,0.00105,0.030905000000000002,2,0,,,,1.0,0,
tree_graph,testing,cecid,raw,2,0,0.0,0.0831233405525128,0.08351482587286717,-12398.513138800574,55.415560368341865,0.00105,0.0841733405525128,2,0,,,,1.0,0,
tree_graph,testing,cecid,calibrated,2,2,100.0,0.02974375078783805,0.030039989630685302,-1603.2684035763207,19.829167191892033,0.00105,0.03079375078783805,2,0,,,,1.0,0,
tree_graph,testing,cecid,majority,2,2,100.0,0.00155,0.0017219175357722565,-4.271111111111111,1.0333333333333332,0.00105,0.0026,2,0,,,,1.0,0,
tree_graph,testing,cecid,previous_month,2,2,100.0,0.0051,0.006242595614005444,-68.28000000000002,3.4000000000000004,0.00105,0.00615,2,0,,,,1.0,0,
tree_graph,testing,fruitfly,legacy,3,3,100.0,0.1248706666666667,0.12927296407988798,-10.9076068109296,1.3836084949215164,0.3521666666666666,0.47703733333333337,3,0,,,,1.0,3,1.0
tree_graph,testing,fruitfly,raw,3,0,0.0,0.29108145332827073,0.294563857124964,-60.825549957467544,3.2252792612550816,0.3521666666666666,0.6432481199949374,3,0,,,,0.0,3,1.0
tree_graph,testing,fruitfly,calibrated,3,3,100.0,0.11810220539393958,0.12785421020404303,-10.647672200231332,1.3086116941156756,0.3521666666666666,0.47026887206060625,3,0,,,,1.0,3,1.0
tree_graph,testing,fruitfly,majority,3,3,100.0,0.09058333333333334,0.09802433796426951,-5.846630775777621,1.0036934441366587,0.3521666666666666,0.44275,3,0,,,,1.0,3,1.0
tree_graph,testing,fruitfly,previous_month,3,3,100.0,0.047083333333333255,0.048603197768596736,-0.6832117727394174,0.5216989843028622,0.3521666666666666,0.36525,3,0,,,,1.0,3,1.0
