engine,series,test_year,method,n,correct,accuracy_pct,balanced_accuracy_present_classes_pct,mae_normalized,rmse_normalized,observed_nonzero_months,observed_medium_high_months,missed_medium_high_months,false_warning_months,medium_high_recall,class
grid,cecid,2025,raw_risk,10,10.0,100.0,100.0,0.016685,0.018452,4.0,0.0,0.0,0.0,,
grid,cecid,2025,calibrated_risk,10,10.0,100.0,100.0,0.026796,0.027094,4.0,0.0,0.0,0.0,,
grid,cecid,2025,constant_training_median,10,10.0,100.0,100.0,0.00608,0.01561,4.0,0.0,0.0,0.0,,
grid,cecid,2025,seasonal_training_median,10,10.0,100.0,100.0,0.00667,0.015184,4.0,0.0,0.0,0.0,,
grid,cecid,2025,previous_month,10,10.0,100.0,100.0,0.01174,0.021988,4.0,0.0,0.0,0.0,,
grid,cecid,2025,majority_training_class,10,,100.0,,,,,,,,,Low
grid,cecid,2023,raw_risk,12,8.0,66.666667,33.333333,0.048065,0.084793,7.0,4.0,4.0,0.0,0.0,
grid,cecid,2023,calibrated_risk,12,8.0,66.666667,33.333333,0.054031,0.076814,7.0,4.0,4.0,0.0,0.0,
grid,cecid,2023,constant_training_median,12,8.0,66.666667,33.333333,0.045658,0.089191,7.0,4.0,4.0,0.0,0.0,
grid,cecid,2023,seasonal_training_median,12,7.0,58.333333,29.166667,0.084875,0.163814,7.0,4.0,4.0,1.0,0.0,
grid,cecid,2023,previous_month,12,9.0,75.0,51.388889,0.047617,0.096543,7.0,4.0,1.0,1.0,0.75,
grid,cecid,2023,majority_training_class,12,,66.666667,,,,,,,,,Low
grid,cecid,2024,raw_risk,12,12.0,100.0,100.0,0.015192,0.01766,6.0,0.0,0.0,0.0,,
grid,cecid,2024,calibrated_risk,12,12.0,100.0,100.0,0.041604,0.041635,6.0,0.0,0.0,0.0,,
grid,cecid,2024,constant_training_median,12,12.0,100.0,100.0,0.001308,0.002068,6.0,0.0,0.0,0.0,,
grid,cecid,2024,seasonal_training_median,12,10.0,83.333333,83.333333,0.041604,0.08109,6.0,0.0,0.0,2.0,,
grid,cecid,2024,previous_month,12,12.0,100.0,100.0,0.0008,0.001381,6.0,0.0,0.0,0.0,,
grid,cecid,2024,majority_training_class,12,,100.0,,,,,,,,,Low
grid,fruitfly,2025,raw_risk,10,0.0,0.0,0.0,0.6971,0.702617,10.0,8.0,0.0,2.0,1.0,
grid,fruitfly,2025,calibrated_risk,10,8.0,80.0,50.0,0.10005,0.11571,10.0,8.0,0.0,2.0,1.0,
grid,fruitfly,2025,constant_training_median,10,8.0,80.0,50.0,0.10005,0.11571,10.0,8.0,0.0,2.0,1.0,
grid,fruitfly,2025,seasonal_training_median,10,5.0,50.0,50.0,0.111225,0.133509,10.0,8.0,3.0,1.0,0.625,
grid,fruitfly,2025,previous_month,10,5.0,50.0,31.25,0.104775,0.132394,10.0,8.0,3.0,2.0,0.625,
grid,fruitfly,2025,majority_training_class,10,,80.0,,,,,,,,,Medium
grid,fruitfly,2023,raw_risk,12,2.0,16.666667,33.333333,0.726375,0.757499,12.0,6.0,0.0,6.0,1.0,
grid,fruitfly,2023,calibrated_risk,12,4.0,33.333333,33.333333,0.178417,0.221861,12.0,6.0,0.0,6.0,1.0,
grid,fruitfly,2023,constant_training_median,12,4.0,33.333333,33.333333,0.178417,0.221861,12.0,6.0,0.0,6.0,1.0,
grid,fruitfly,2023,seasonal_training_median,12,7.0,58.333333,55.555556,0.174021,0.219137,12.0,6.0,0.0,2.0,1.0,
grid,fruitfly,2023,previous_month,12,5.0,41.666667,30.555556,0.177104,0.260275,12.0,6.0,2.0,2.0,0.666667,
grid,fruitfly,2023,majority_training_class,12,,33.333333,,,,,,,,,Medium
grid,fruitfly,2024,raw_risk,12,0.0,0.0,0.0,0.749354,0.758606,12.0,8.0,0.0,4.0,1.0,
grid,fruitfly,2024,calibrated_risk,12,8.0,66.666667,50.0,0.099813,0.122411,12.0,8.0,0.0,4.0,1.0,
grid,fruitfly,2024,constant_training_median,12,8.0,66.666667,50.0,0.099813,0.122411,12.0,8.0,0.0,4.0,1.0,
grid,fruitfly,2024,seasonal_training_median,12,4.0,33.333333,37.5,0.141198,0.157655,12.0,8.0,4.0,2.0,0.5,
grid,fruitfly,2024,previous_month,12,7.0,58.333333,50.0,0.117417,0.145583,12.0,8.0,2.0,3.0,0.75,
grid,fruitfly,2024,majority_training_class,12,,33.333333,,,,,,,,,Low
grid,fruitfly_unmanaged,2025,raw_risk,10,5.0,50.0,50.0,0.516275,0.552319,10.0,10.0,0.0,0.0,1.0,
grid,fruitfly_unmanaged,2025,calibrated_risk,10,5.0,50.0,50.0,0.18745,0.234364,10.0,10.0,0.0,0.0,1.0,
grid,fruitfly_unmanaged,2025,constant_training_median,10,5.0,50.0,50.0,0.18745,0.234364,10.0,10.0,0.0,0.0,1.0,
grid,fruitfly_unmanaged,2025,seasonal_training_median,10,6.0,60.0,60.0,0.195175,0.234287,10.0,10.0,0.0,0.0,1.0,
grid,fruitfly_unmanaged,2025,previous_month,10,5.0,50.0,50.0,0.18455,0.231686,10.0,10.0,0.0,0.0,1.0,
grid,fruitfly_unmanaged,2025,majority_training_class,10,,50.0,,,,,,,,,Medium
grid,fruitfly_unmanaged,2023,raw_risk,12,4.0,33.333333,33.333333,0.562688,0.63569,12.0,11.0,0.0,1.0,1.0,
grid,fruitfly_unmanaged,2023,calibrated_risk,12,7.0,58.333333,33.333333,0.238521,0.298044,12.0,11.0,0.0,1.0,1.0,
grid,fruitfly_unmanaged,2023,constant_training_median,12,7.0,58.333333,33.333333,0.238521,0.298044,12.0,11.0,0.0,1.0,1.0,
grid,fruitfly_unmanaged,2023,seasonal_training_median,12,5.0,41.666667,34.52381,0.269104,0.32523,12.0,11.0,3.0,1.0,0.727273,
grid,fruitfly_unmanaged,2023,previous_month,12,8.0,66.666667,45.238095,0.258729,0.371483,12.0,11.0,1.0,1.0,0.909091,
grid,fruitfly_unmanaged,2023,majority_training_class,12,,33.333333,,,,,,,,,High
grid,fruitfly_unmanaged,2024,raw_risk,12,3.0,25.0,33.333333,0.603146,0.629892,12.0,11.0,0.0,1.0,1.0,
grid,fruitfly_unmanaged,2024,calibrated_risk,12,8.0,66.666667,33.333333,0.143771,0.188927,12.0,11.0,0.0,1.0,1.0,
grid,fruitfly_unmanaged,2024,constant_training_median,12,8.0,66.666667,33.333333,0.143771,0.188927,12.0,11.0,0.0,1.0,1.0,
grid,fruitfly_unmanaged,2024,seasonal_training_median,12,6.0,50.0,45.833333,0.165906,0.212403,12.0,11.0,3.0,1.0,0.727273,
grid,fruitfly_unmanaged,2024,previous_month,12,5.0,41.666667,27.777778,0.191833,0.244405,12.0,11.0,1.0,1.0,0.909091,
grid,fruitfly_unmanaged,2024,majority_training_class,12,,66.666667,,,,,,,,,Medium
tree_graph,cecid,2025,raw_risk,10,10.0,100.0,100.0,0.01374,0.014395,4.0,0.0,0.0,0.0,,
tree_graph,cecid,2025,calibrated_risk,10,10.0,100.0,100.0,0.026796,0.027094,4.0,0.0,0.0,0.0,,
tree_graph,cecid,2025,constant_training_median,10,10.0,100.0,100.0,0.00608,0.01561,4.0,0.0,0.0,0.0,,
tree_graph,cecid,2025,seasonal_training_median,10,10.0,100.0,100.0,0.00667,0.015184,4.0,0.0,0.0,0.0,,
tree_graph,cecid,2025,previous_month,10,10.0,100.0,100.0,0.01174,0.021988,4.0,0.0,0.0,0.0,,
tree_graph,cecid,2025,majority_training_class,10,,100.0,,,,,,,,,Low
tree_graph,cecid,2023,raw_risk,12,8.0,66.666667,33.333333,0.047817,0.084222,7.0,4.0,4.0,0.0,0.0,
tree_graph,cecid,2023,calibrated_risk,12,8.0,66.666667,33.333333,0.054031,0.076814,7.0,4.0,4.0,0.0,0.0,
tree_graph,cecid,2023,constant_training_median,12,8.0,66.666667,33.333333,0.045658,0.089191,7.0,4.0,4.0,0.0,0.0,
tree_graph,cecid,2023,seasonal_training_median,12,7.0,58.333333,29.166667,0.084875,0.163814,7.0,4.0,4.0,1.0,0.0,
tree_graph,cecid,2023,previous_month,12,9.0,75.0,51.388889,0.047617,0.096543,7.0,4.0,1.0,1.0,0.75,
tree_graph,cecid,2023,majority_training_class,12,,66.666667,,,,,,,,,Low
tree_graph,cecid,2024,raw_risk,12,12.0,100.0,100.0,0.014488,0.016077,6.0,0.0,0.0,0.0,,
tree_graph,cecid,2024,calibrated_risk,12,12.0,100.0,100.0,0.041604,0.041635,6.0,0.0,0.0,0.0,,
tree_graph,cecid,2024,constant_training_median,12,12.0,100.0,100.0,0.001308,0.002068,6.0,0.0,0.0,0.0,,
tree_graph,cecid,2024,seasonal_training_median,12,10.0,83.333333,83.333333,0.041604,0.08109,6.0,0.0,0.0,2.0,,
tree_graph,cecid,2024,previous_month,12,12.0,100.0,100.0,0.0008,0.001381,6.0,0.0,0.0,0.0,,
tree_graph,cecid,2024,majority_training_class,12,,100.0,,,,,,,,,Low
tree_graph,fruitfly,2025,raw_risk,10,1.0,10.0,6.25,0.313041,0.342067,10.0,8.0,0.0,2.0,1.0,
tree_graph,fruitfly,2025,calibrated_risk,10,8.0,80.0,50.0,0.078608,0.092725,10.0,8.0,0.0,2.0,1.0,
tree_graph,fruitfly,2025,constant_training_median,10,8.0,80.0,50.0,0.10005,0.11571,10.0,8.0,0.0,2.0,1.0,
tree_graph,fruitfly,2025,seasonal_training_median,10,5.0,50.0,50.0,0.111225,0.133509,10.0,8.0,3.0,1.0,0.625,
tree_graph,fruitfly,2025,previous_month,10,5.0,50.0,31.25,0.104775,0.132394,10.0,8.0,3.0,2.0,0.625,
tree_graph,fruitfly,2025,majority_training_class,10,,80.0,,,,,,,,,Medium
tree_graph,fruitfly,2023,raw_risk,12,1.0,8.333333,16.666667,0.393534,0.443235,12.0,6.0,0.0,6.0,1.0,
tree_graph,fruitfly,2023,calibrated_risk,12,4.0,33.333333,33.333333,0.205528,0.247389,12.0,6.0,1.0,6.0,0.833333,
tree_graph,fruitfly,2023,constant_training_median,12,4.0,33.333333,33.333333,0.178417,0.221861,12.0,6.0,0.0,6.0,1.0,
tree_graph,fruitfly,2023,seasonal_training_median,12,7.0,58.333333,55.555556,0.174021,0.219137,12.0,6.0,0.0,2.0,1.0,
tree_graph,fruitfly,2023,previous_month,12,5.0,41.666667,30.555556,0.177104,0.260275,12.0,6.0,2.0,2.0,0.666667,
tree_graph,fruitfly,2023,majority_training_class,12,,33.333333,,,,,,,,,Medium
tree_graph,fruitfly,2024,raw_risk,12,1.0,8.333333,6.25,0.383493,0.416639,12.0,8.0,0.0,4.0,1.0,
tree_graph,fruitfly,2024,calibrated_risk,12,8.0,66.666667,50.0,0.109904,0.125387,12.0,8.0,0.0,4.0,1.0,
tree_graph,fruitfly,2024,constant_training_median,12,8.0,66.666667,50.0,0.099813,0.122411,12.0,8.0,0.0,4.0,1.0,
tree_graph,fruitfly,2024,seasonal_training_median,12,4.0,33.333333,37.5,0.141198,0.157655,12.0,8.0,4.0,2.0,0.5,
tree_graph,fruitfly,2024,previous_month,12,7.0,58.333333,50.0,0.117417,0.145583,12.0,8.0,2.0,3.0,0.75,
tree_graph,fruitfly,2024,majority_training_class,12,,33.333333,,,,,,,,,Low
tree_graph,fruitfly_unmanaged,2025,raw_risk,10,4.0,40.0,40.0,0.201721,0.253358,10.0,10.0,0.0,0.0,1.0,
tree_graph,fruitfly_unmanaged,2025,calibrated_risk,10,5.0,50.0,50.0,0.176825,0.200006,10.0,10.0,0.0,0.0,1.0,
tree_graph,fruitfly_unmanaged,2025,constant_training_median,10,5.0,50.0,50.0,0.18745,0.234364,10.0,10.0,0.0,0.0,1.0,
tree_graph,fruitfly_unmanaged,2025,seasonal_training_median,10,6.0,60.0,60.0,0.195175,0.234287,10.0,10.0,0.0,0.0,1.0,
tree_graph,fruitfly_unmanaged,2025,previous_month,10,5.0,50.0,50.0,0.18455,0.231686,10.0,10.0,0.0,0.0,1.0,
tree_graph,fruitfly_unmanaged,2025,majority_training_class,10,,50.0,,,,,,,,,Medium
tree_graph,fruitfly_unmanaged,2023,raw_risk,12,3.0,25.0,25.0,0.346654,0.393047,12.0,11.0,0.0,1.0,1.0,
tree_graph,fruitfly_unmanaged,2023,calibrated_risk,12,6.0,50.0,35.714286,0.291939,0.333626,12.0,11.0,0.0,1.0,1.0,
tree_graph,fruitfly_unmanaged,2023,constant_training_median,12,7.0,58.333333,33.333333,0.238521,0.298044,12.0,11.0,0.0,1.0,1.0,
tree_graph,fruitfly_unmanaged,2023,seasonal_training_median,12,5.0,41.666667,34.52381,0.269104,0.32523,12.0,11.0,3.0,1.0,0.727273,
tree_graph,fruitfly_unmanaged,2023,previous_month,12,8.0,66.666667,45.238095,0.258729,0.371483,12.0,11.0,1.0,1.0,0.909091,
tree_graph,fruitfly_unmanaged,2023,majority_training_class,12,,33.333333,,,,,,,,,High
tree_graph,fruitfly_unmanaged,2024,raw_risk,12,2.0,16.666667,22.222222,0.301753,0.348044,12.0,11.0,0.0,1.0,1.0,
tree_graph,fruitfly_unmanaged,2024,calibrated_risk,12,8.0,66.666667,33.333333,0.15612,0.195533,12.0,11.0,0.0,1.0,1.0,
tree_graph,fruitfly_unmanaged,2024,constant_training_median,12,8.0,66.666667,33.333333,0.143771,0.188927,12.0,11.0,0.0,1.0,1.0,
tree_graph,fruitfly_unmanaged,2024,seasonal_training_median,12,6.0,50.0,45.833333,0.165906,0.212403,12.0,11.0,3.0,1.0,0.727273,
tree_graph,fruitfly_unmanaged,2024,previous_month,12,5.0,41.666667,27.777778,0.191833,0.244405,12.0,11.0,1.0,1.0,0.909091,
tree_graph,fruitfly_unmanaged,2024,majority_training_class,12,,66.666667,,,,,,,,,Medium
