Date,Year,Month,Pest,Orchard Stage Used,Season,BPI Ground Value,BPI Ground Unit,BPI Ground Risk Level,BPI Normalized Risk Score,Simulation Model,Spatial Representation,Historical Weather Source,Forecast Horizon,Monthly 48-hour Windows,Score Mode,Treatment Included?,Neighbor Threat Level,Fruit Fly Carryover Weight,Cecid Fly Carryover Weight,Applied Carryover Weight,Previous Month Pest Risk Score,Previous Month Pest Risk Level,Calibration/Test Role,Numeric Calibration Formula,Calibration Scale,Calibration Intercept,Calibration Cases for Pest,BPI Low Threshold on 0-1 Scale,BPI High Threshold on 0-1 Scale,Class Calibration Method,Raw Class Low Threshold,Raw Class High Threshold,Raw Simulated Risk Score,Raw Simulated Risk Level,Calibrated Numeric Risk Score,Final Predicted Risk Level,Peak Simulated Risk,Final Infested Trees,Mean Final Infested Trees,Seed Tree IDs by Window,Absolute Error,Simulation Runtime Seconds,Did Simulation Match BPI Level?,Notes
2022-03,2022,3,Cecid Fly,Fruitlet,Dry,0.00,infestation %,Low,0.0000,Enhanced Cellular Automata Grid,20x20 grid cells,historical_weather_csv,48 hours per window,4,composite,No - historical spray/treatment records not available,0.0 - historical neighbor pressure records not available,0.1,0.65,0.65,0.0000,Low,calibration,calibrated_score = scale * raw_score + intercept,0.471903,-0.008198,6,0.0500,0.1500,raw_score_class_thresholds_optimized_on_calibration,0.094967,1.000000,0.039217,Low,0.010308,Low,1.0000,,,,0.010308,0.143,Yes,Matched BPI risk class. Regenerated after wind-from convention correction.
2022-04,2022,4,Cecid Fly,Fruitlet,Dry,0.20,infestation %,Low,0.0020,Enhanced Cellular Automata Grid,20x20 grid cells,historical_weather_csv,48 hours per window,4,composite,No - historical spray/treatment records not available,0.0 - historical neighbor pressure records not available,0.1,0.65,0.65,0.0000,Low,calibration,calibrated_score = scale * raw_score + intercept,0.471903,-0.008198,6,0.0500,0.1500,raw_score_class_thresholds_optimized_on_calibration,0.094967,1.000000,0.091047,Medium,0.034767,Low,1.0000,,,,0.032767,0.135,Yes,Matched BPI risk class. Regenerated after wind-from convention correction.
2022-05,2022,5,Fruit Fly,Mature,Dry,25.93,CPTD,High,0.6482,Enhanced Cellular Automata Grid,20x20 grid cells,historical_weather_csv,48 hours per window,4,composite,No - historical spray/treatment records not available,0.0 - historical neighbor pressure records not available,0.1,0.65,0.1,0.2293,Medium,calibration,calibrated_score = scale * raw_score + intercept,3.620449,-2.465046,9,0.2000,0.5000,raw_score_class_thresholds_optimized_on_calibration,0.000000,0.834931,0.810872,High,0.470674,Medium,1.0000,,,,0.177576,41.269,No,"Mismatch: BPI was High, simulation predicted Medium. Regenerated after wind-from convention correction."
2022-06,2022,6,Fruit Fly,Mature,Wet,30.50,CPTD,High,0.7625,Enhanced Cellular Automata Grid,20x20 grid cells,historical_weather_csv,48 hours per window,4,composite,No - historical spray/treatment records not available,0.0 - historical neighbor pressure records not available,0.1,0.65,0.1,0.6482,High,calibration,calibrated_score = scale * raw_score + intercept,3.620449,-2.465046,9,0.2000,0.5000,raw_score_class_thresholds_optimized_on_calibration,0.000000,0.834931,0.839140,High,0.573016,High,1.0000,,,,0.189484,36.911,Yes,Matched BPI risk class. Regenerated after wind-from convention correction.
2022-07,2022,7,Fruit Fly,Mature,Wet,21.42,CPTD,High,0.5355,Enhanced Cellular Automata Grid,20x20 grid cells,historical_weather_csv,48 hours per window,4,composite,No - historical spray/treatment records not available,0.0 - historical neighbor pressure records not available,0.1,0.65,0.1,0.7625,High,calibration,calibrated_score = scale * raw_score + intercept,3.620449,-2.465046,9,0.2000,0.5000,raw_score_class_thresholds_optimized_on_calibration,0.000000,0.834931,0.853429,High,0.624751,High,1.0000,,,,0.089251,38.178,Yes,Matched BPI risk class. Regenerated after wind-from convention correction.
2023-03,2023,3,Cecid Fly,Fruitlet,Dry,8.91,infestation %,Medium,0.0891,Enhanced Cellular Automata Grid,20x20 grid cells,historical_weather_csv,48 hours per window,4,composite,No - historical spray/treatment records not available,0.0 - historical neighbor pressure records not available,0.1,0.65,0.65,0.2740,High,calibration,calibrated_score = scale * raw_score + intercept,0.471903,-0.008198,6,0.0500,0.1500,raw_score_class_thresholds_optimized_on_calibration,0.094967,1.000000,0.207851,High,0.089887,Medium,1.0000,,,,0.000787,0.121,Yes,Matched BPI risk class. Regenerated after wind-from convention correction.
2023-04,2023,4,Cecid Fly,Fruitlet,Dry,7.32,infestation %,Medium,0.0732,Enhanced Cellular Automata Grid,20x20 grid cells,historical_weather_csv,48 hours per window,4,composite,No - historical spray/treatment records not available,0.0 - historical neighbor pressure records not available,0.1,0.65,0.65,0.0891,Medium,calibration,calibrated_score = scale * raw_score + intercept,0.471903,-0.008198,6,0.0500,0.1500,raw_score_class_thresholds_optimized_on_calibration,0.094967,1.000000,0.098886,Medium,0.038466,Medium,1.0000,,,,0.034734,0.128,Yes,Matched BPI risk class. Regenerated after wind-from convention correction.
2023-05,2023,5,Fruit Fly,Mature,Dry,10.43,CPTD,Medium,0.2607,Enhanced Cellular Automata Grid,20x20 grid cells,historical_weather_csv,48 hours per window,4,composite,No - historical spray/treatment records not available,0.0 - historical neighbor pressure records not available,0.1,0.65,0.1,0.0970,Low,calibration,calibrated_score = scale * raw_score + intercept,3.620449,-2.465046,9,0.2000,0.5000,raw_score_class_thresholds_optimized_on_calibration,0.000000,0.834931,0.790242,High,0.395983,Medium,1.0000,,,,0.135233,40.571,Yes,Matched BPI risk class. Regenerated after wind-from convention correction.
2023-06,2023,6,Fruit Fly,Mature,Wet,13.06,CPTD,Medium,0.3265,Enhanced Cellular Automata Grid,20x20 grid cells,historical_weather_csv,48 hours per window,4,composite,No - historical spray/treatment records not available,0.0 - historical neighbor pressure records not available,0.1,0.65,0.1,0.2607,Medium,calibration,calibrated_score = scale * raw_score + intercept,3.620449,-2.465046,9,0.2000,0.5000,raw_score_class_thresholds_optimized_on_calibration,0.000000,0.834931,0.802607,High,0.440750,Medium,1.0000,,,,0.114250,38.936,Yes,Matched BPI risk class. Regenerated after wind-from convention correction.
2023-07,2023,7,Fruit Fly,Mature,Wet,30.29,CPTD,High,0.7572,Enhanced Cellular Automata Grid,20x20 grid cells,historical_weather_csv,48 hours per window,4,composite,No - historical spray/treatment records not available,0.0 - historical neighbor pressure records not available,0.1,0.65,0.1,0.3265,Medium,calibration,calibrated_score = scale * raw_score + intercept,3.620449,-2.465046,9,0.2000,0.5000,raw_score_class_thresholds_optimized_on_calibration,0.000000,0.834931,0.810947,High,0.470947,Medium,1.0000,,,,0.286303,38.257,No,"Mismatch: BPI was High, simulation predicted Medium. Regenerated after wind-from convention correction."
2024-03,2024,3,Cecid Fly,Fruitlet,Dry,0.25,infestation %,Low,0.0025,Enhanced Cellular Automata Grid,20x20 grid cells,historical_weather_csv,48 hours per window,4,composite,No - historical spray/treatment records not available,0.0 - historical neighbor pressure records not available,0.1,0.65,0.65,0.0013,Low,calibration,calibrated_score = scale * raw_score + intercept,0.471903,-0.008198,6,0.0500,0.1500,raw_score_class_thresholds_optimized_on_calibration,0.094967,1.000000,0.011021,Low,0.000000,Low,1.0000,,,,0.002500,0.133,Yes,Matched BPI risk class. Regenerated after wind-from convention correction.
2024-04,2024,4,Cecid Fly,Fruitlet,Dry,0.27,infestation %,Low,0.0027,Enhanced Cellular Automata Grid,20x20 grid cells,historical_weather_csv,48 hours per window,4,composite,No - historical spray/treatment records not available,0.0 - historical neighbor pressure records not available,0.1,0.65,0.65,0.0025,Low,calibration,calibrated_score = scale * raw_score + intercept,0.471903,-0.008198,6,0.0500,0.1500,raw_score_class_thresholds_optimized_on_calibration,0.094967,1.000000,0.015401,Low,0.000000,Low,1.0000,,,,0.002700,0.140,Yes,Matched BPI risk class. Regenerated after wind-from convention correction.
2024-05,2024,5,Fruit Fly,Mature,Dry,15.63,CPTD,Medium,0.3908,Enhanced Cellular Automata Grid,20x20 grid cells,historical_weather_csv,48 hours per window,4,composite,No - historical spray/treatment records not available,0.0 - historical neighbor pressure records not available,0.1,0.65,0.1,0.2263,Medium,calibration,calibrated_score = scale * raw_score + intercept,3.620449,-2.465046,9,0.2000,0.5000,raw_score_class_thresholds_optimized_on_calibration,0.000000,0.834931,0.833821,High,0.553761,Medium,1.0000,,,,0.163011,36.256,Yes,Matched BPI risk class. Regenerated after wind-from convention correction.
2024-06,2024,6,Fruit Fly,Mature,Wet,16.51,CPTD,Medium,0.4128,Enhanced Cellular Automata Grid,20x20 grid cells,historical_weather_csv,48 hours per window,4,composite,No - historical spray/treatment records not available,0.0 - historical neighbor pressure records not available,0.1,0.65,0.1,0.3908,Medium,calibration,calibrated_score = scale * raw_score + intercept,3.620449,-2.465046,9,0.2000,0.5000,raw_score_class_thresholds_optimized_on_calibration,0.000000,0.834931,0.823478,High,0.516315,Medium,1.0000,,,,0.103565,32.345,Yes,Matched BPI risk class. Regenerated after wind-from convention correction.
2024-07,2024,7,Fruit Fly,Mature,Wet,17.71,CPTD,Medium,0.4428,Enhanced Cellular Automata Grid,20x20 grid cells,historical_weather_csv,48 hours per window,4,composite,No - historical spray/treatment records not available,0.0 - historical neighbor pressure records not available,0.1,0.65,0.1,0.4128,Medium,calibration,calibrated_score = scale * raw_score + intercept,3.620449,-2.465046,9,0.2000,0.5000,raw_score_class_thresholds_optimized_on_calibration,0.000000,0.834931,0.816432,High,0.490803,Medium,1.0000,,,,0.048053,33.478,Yes,Matched BPI risk class. Regenerated after wind-from convention correction.
2025-03,2025,3,Cecid Fly,Fruitlet,Dry,0.18,infestation %,Low,0.0018,Enhanced Cellular Automata Grid,20x20 grid cells,historical_weather_csv,48 hours per window,4,composite,No - historical spray/treatment records not available,0.0 - historical neighbor pressure records not available,0.1,0.65,0.65,0.0105,Low,testing,calibrated_score = scale * raw_score + intercept,0.471903,-0.008198,6,0.0500,0.1500,raw_score_class_thresholds_optimized_on_calibration,0.094967,1.000000,0.075470,Medium,0.027416,Low,1.0000,,,,0.025616,0.131,Yes,Matched BPI risk class. Regenerated after wind-from convention correction.
2025-04,2025,4,Cecid Fly,Fruitlet,Dry,0.03,infestation %,Low,0.0003,Enhanced Cellular Automata Grid,20x20 grid cells,historical_weather_csv,48 hours per window,4,composite,No - historical spray/treatment records not available,0.0 - historical neighbor pressure records not available,0.1,0.65,0.65,0.0018,Low,testing,calibrated_score = scale * raw_score + intercept,0.471903,-0.008198,6,0.0500,0.1500,raw_score_class_thresholds_optimized_on_calibration,0.094967,1.000000,0.090106,Medium,0.034323,Low,1.0000,,,,0.034023,0.121,Yes,Matched BPI risk class. Regenerated after wind-from convention correction.
2025-05,2025,5,Fruit Fly,Mature,Dry,15.70,CPTD,Medium,0.3925,Enhanced Cellular Automata Grid,20x20 grid cells,historical_weather_csv,48 hours per window,4,composite,No - historical spray/treatment records not available,0.0 - historical neighbor pressure records not available,0.1,0.65,0.1,0.3415,Medium,testing,calibrated_score = scale * raw_score + intercept,3.620449,-2.465046,9,0.2000,0.5000,raw_score_class_thresholds_optimized_on_calibration,0.000000,0.834931,0.822571,High,0.513031,Medium,1.0000,,,,0.120531,37.724,Yes,Matched BPI risk class. Regenerated after wind-from convention correction.
2025-06,2025,6,Fruit Fly,Mature,Wet,14.47,CPTD,Medium,0.3618,Enhanced Cellular Automata Grid,20x20 grid cells,historical_weather_csv,48 hours per window,4,composite,No - historical spray/treatment records not available,0.0 - historical neighbor pressure records not available,0.1,0.65,0.1,0.3925,Medium,testing,calibrated_score = scale * raw_score + intercept,3.620449,-2.465046,9,0.2000,0.5000,raw_score_class_thresholds_optimized_on_calibration,0.000000,0.834931,0.808412,High,0.461768,Medium,1.0000,,,,0.100018,37.914,Yes,Matched BPI risk class. Regenerated after wind-from convention correction.
2025-07,2025,7,Fruit Fly,Mature,Wet,12.09,CPTD,Medium,0.3023,Enhanced Cellular Automata Grid,20x20 grid cells,historical_weather_csv,48 hours per window,4,composite,No - historical spray/treatment records not available,0.0 - historical neighbor pressure records not available,0.1,0.65,0.1,0.3618,Medium,testing,calibrated_score = scale * raw_score + intercept,3.620449,-2.465046,9,0.2000,0.5000,raw_score_class_thresholds_optimized_on_calibration,0.000000,0.834931,0.812752,High,0.477481,Medium,1.0000,,,,0.175231,35.372,Yes,Matched BPI risk class. Regenerated after wind-from convention correction.
2022-03,2022,3,Cecid Fly,Fruitlet,Dry,0.00,infestation %,Low,0.0000,Enhanced Tree Graph,"194 mapped trees, crown-aware tree-to-tree graph",historical_weather_csv,48 hours per window,4,composite,No - historical spray/treatment records not available,0.0 - historical neighbor pressure records not available,0.1,0.65,0.65,0.0000,Low,calibration,calibrated_score = scale * raw_score + intercept,0.471447,-0.008692,6,0.0500,0.1500,raw_score_class_thresholds_optimized_on_calibration,0.096056,1.000000,0.040062,Low,0.010195,Low,1.0000,2,1.50,5 | 94;138 | 125 | 122;96,0.010195,0.041,Yes,Matched BPI risk class.
2022-04,2022,4,Cecid Fly,Fruitlet,Dry,0.20,infestation %,Low,0.0020,Enhanced Tree Graph,"194 mapped trees, crown-aware tree-to-tree graph",historical_weather_csv,48 hours per window,4,composite,No - historical spray/treatment records not available,0.0 - historical neighbor pressure records not available,0.1,0.65,0.65,0.0000,Low,calibration,calibrated_score = scale * raw_score + intercept,0.471447,-0.008692,6,0.0500,0.1500,raw_score_class_thresholds_optimized_on_calibration,0.096056,1.000000,0.091958,Medium,0.034661,Low,1.0000,2,1.75,148;119 | 155;178 | 47;121 | 26,0.032661,0.032,Yes,Matched BPI risk class.
2022-05,2022,5,Fruit Fly,Mature,Dry,25.93,CPTD,High,0.6482,Enhanced Tree Graph,"194 mapped trees, crown-aware tree-to-tree graph",historical_weather_csv,48 hours per window,4,composite,No - historical spray/treatment records not available,0.0 - historical neighbor pressure records not available,0.1,0.65,0.1,0.2293,Medium,calibration,calibrated_score = scale * raw_score + intercept,1.188484,-0.242810,9,0.2000,0.5000,raw_score_class_thresholds_optimized_on_calibration,0.000000,0.670804,0.592222,High,0.461037,Medium,1.0000,121,87.50,88;85 | 81;183 | 80;176 | 139;142,0.187213,0.047,No,"Mismatch: BPI was High, simulation predicted Medium."
2022-06,2022,6,Fruit Fly,Mature,Wet,30.50,CPTD,High,0.7625,Enhanced Tree Graph,"194 mapped trees, crown-aware tree-to-tree graph",historical_weather_csv,48 hours per window,4,composite,No - historical spray/treatment records not available,0.0 - historical neighbor pressure records not available,0.1,0.65,0.1,0.6482,High,calibration,calibrated_score = scale * raw_score + intercept,1.188484,-0.242810,9,0.2000,0.5000,raw_score_class_thresholds_optimized_on_calibration,0.000000,0.670804,0.699280,High,0.588274,High,1.0000,151,120.25,44;73;129;12;133 | 105;97;5;173;163 | 87;44;101;58;110 | 6;71;149;157;1,0.174226,0.041,Yes,Matched BPI risk class.
2022-07,2022,7,Fruit Fly,Mature,Wet,21.42,CPTD,High,0.5355,Enhanced Tree Graph,"194 mapped trees, crown-aware tree-to-tree graph",historical_weather_csv,48 hours per window,4,composite,No - historical spray/treatment records not available,0.0 - historical neighbor pressure records not available,0.1,0.65,0.1,0.7625,High,calibration,calibrated_score = scale * raw_score + intercept,1.188484,-0.242810,9,0.2000,0.5000,raw_score_class_thresholds_optimized_on_calibration,0.000000,0.670804,0.724031,High,0.617689,High,1.0000,148,131.25,57;8;137;176;162;189 | 101;163;57;40;31;41 | 57;35;160;97;19;126 | 40;1;71;68;57;21,0.082189,0.045,Yes,Matched BPI risk class.
2023-03,2023,3,Cecid Fly,Fruitlet,Dry,8.91,infestation %,Medium,0.0891,Enhanced Tree Graph,"194 mapped trees, crown-aware tree-to-tree graph",historical_weather_csv,48 hours per window,4,composite,No - historical spray/treatment records not available,0.0 - historical neighbor pressure records not available,0.1,0.65,0.65,0.2740,High,calibration,calibrated_score = scale * raw_score + intercept,0.471447,-0.008692,6,0.0500,0.1500,raw_score_class_thresholds_optimized_on_calibration,0.096056,1.000000,0.209315,High,0.089989,Medium,1.0000,3,3.00,108;183;91 | 185;121;159 | 13;138;123 | 177;88;66,0.000889,0.032,Yes,Matched BPI risk class.
2023-04,2023,4,Cecid Fly,Fruitlet,Dry,7.32,infestation %,Medium,0.0732,Enhanced Tree Graph,"194 mapped trees, crown-aware tree-to-tree graph",historical_weather_csv,48 hours per window,4,composite,No - historical spray/treatment records not available,0.0 - historical neighbor pressure records not available,0.1,0.65,0.65,0.0891,Medium,calibration,calibrated_score = scale * raw_score + intercept,0.471447,-0.008692,6,0.0500,0.1500,raw_score_class_thresholds_optimized_on_calibration,0.096056,1.000000,0.100154,Medium,0.038525,Medium,1.0000,3,2.25,181;189 | 124;160 | 113;108;40 | 89;5,0.034675,0.032,Yes,Matched BPI risk class.
2023-05,2023,5,Fruit Fly,Mature,Dry,10.43,CPTD,Medium,0.2607,Enhanced Tree Graph,"194 mapped trees, crown-aware tree-to-tree graph",historical_weather_csv,48 hours per window,4,composite,No - historical spray/treatment records not available,0.0 - historical neighbor pressure records not available,0.1,0.65,0.1,0.0970,Low,calibration,calibrated_score = scale * raw_score + intercept,1.188484,-0.242810,9,0.2000,0.5000,raw_score_class_thresholds_optimized_on_calibration,0.000000,0.670804,0.566291,High,0.430218,Medium,1.0000,121,82.00,53;6 | 145;190 | 53;139 | 50;100,0.169468,0.043,Yes,Matched BPI risk class.
2023-06,2023,6,Fruit Fly,Mature,Wet,13.06,CPTD,Medium,0.3265,Enhanced Tree Graph,"194 mapped trees, crown-aware tree-to-tree graph",historical_weather_csv,48 hours per window,4,composite,No - historical spray/treatment records not available,0.0 - historical neighbor pressure records not available,0.1,0.65,0.1,0.2607,Medium,calibration,calibrated_score = scale * raw_score + intercept,1.188484,-0.242810,9,0.2000,0.5000,raw_score_class_thresholds_optimized_on_calibration,0.000000,0.670804,0.547521,High,0.407910,Medium,1.0000,102,72.75,32;21;130 | 84;65;173 | 158;111;7 | 42;114;22,0.081410,0.041,Yes,Matched BPI risk class.
2023-07,2023,7,Fruit Fly,Mature,Wet,30.29,CPTD,High,0.7572,Enhanced Tree Graph,"194 mapped trees, crown-aware tree-to-tree graph",historical_weather_csv,48 hours per window,4,composite,No - historical spray/treatment records not available,0.0 - historical neighbor pressure records not available,0.1,0.65,0.1,0.3265,Medium,calibration,calibrated_score = scale * raw_score + intercept,1.188484,-0.242810,9,0.2000,0.5000,raw_score_class_thresholds_optimized_on_calibration,0.000000,0.670804,0.595893,High,0.465400,Medium,1.0000,123,84.75,192;168;109 | 156;145;39 | 29;98;27 | 90;2;114,0.291850,0.043,No,"Mismatch: BPI was High, simulation predicted Medium."
2024-03,2024,3,Cecid Fly,Fruitlet,Dry,0.25,infestation %,Low,0.0025,Enhanced Tree Graph,"194 mapped trees, crown-aware tree-to-tree graph",historical_weather_csv,48 hours per window,4,composite,No - historical spray/treatment records not available,0.0 - historical neighbor pressure records not available,0.1,0.65,0.65,0.0013,Low,calibration,calibrated_score = scale * raw_score + intercept,0.471447,-0.008692,6,0.0500,0.1500,raw_score_class_thresholds_optimized_on_calibration,0.096056,1.000000,0.011931,Low,0.000000,Low,1.0000,2,1.75,167;177 | 111;70 | 113 | 120;168,0.002500,0.036,Yes,Matched BPI risk class.
2024-04,2024,4,Cecid Fly,Fruitlet,Dry,0.27,infestation %,Low,0.0027,Enhanced Tree Graph,"194 mapped trees, crown-aware tree-to-tree graph",historical_weather_csv,48 hours per window,4,composite,No - historical spray/treatment records not available,0.0 - historical neighbor pressure records not available,0.1,0.65,0.65,0.0025,Low,calibration,calibrated_score = scale * raw_score + intercept,0.471447,-0.008692,6,0.0500,0.1500,raw_score_class_thresholds_optimized_on_calibration,0.096056,1.000000,0.016735,Low,0.000000,Low,1.0000,3,2.50,131;155;166 | 178 | 90;10;179 | 120;163;127,0.002700,0.034,Yes,Matched BPI risk class.
2024-05,2024,5,Fruit Fly,Mature,Dry,15.63,CPTD,Medium,0.3908,Enhanced Tree Graph,"194 mapped trees, crown-aware tree-to-tree graph",historical_weather_csv,48 hours per window,4,composite,No - historical spray/treatment records not available,0.0 - historical neighbor pressure records not available,0.1,0.65,0.1,0.2263,Medium,calibration,calibrated_score = scale * raw_score + intercept,1.188484,-0.242810,9,0.2000,0.5000,raw_score_class_thresholds_optimized_on_calibration,0.000000,0.670804,0.625931,High,0.501099,Medium,1.0000,133,84.25,189;10 | 77;132 | 72;47 | 98;51;27,0.110349,0.042,Yes,Matched BPI risk class.
2024-06,2024,6,Fruit Fly,Mature,Wet,16.51,CPTD,Medium,0.4128,Enhanced Tree Graph,"194 mapped trees, crown-aware tree-to-tree graph",historical_weather_csv,48 hours per window,4,composite,No - historical spray/treatment records not available,0.0 - historical neighbor pressure records not available,0.1,0.65,0.1,0.3908,Medium,calibration,calibrated_score = scale * raw_score + intercept,1.188484,-0.242810,9,0.2000,0.5000,raw_score_class_thresholds_optimized_on_calibration,0.000000,0.670804,0.662691,High,0.544788,Medium,1.0000,139,114.50,189;6;67 | 67;174;151 | 155;183;158 | 192;37;131,0.132038,0.040,Yes,Matched BPI risk class.
2024-07,2024,7,Fruit Fly,Mature,Wet,17.71,CPTD,Medium,0.4428,Enhanced Tree Graph,"194 mapped trees, crown-aware tree-to-tree graph",historical_weather_csv,48 hours per window,4,composite,No - historical spray/treatment records not available,0.0 - historical neighbor pressure records not available,0.1,0.65,0.1,0.4128,Medium,calibration,calibrated_score = scale * raw_score + intercept,1.188484,-0.242810,9,0.2000,0.5000,raw_score_class_thresholds_optimized_on_calibration,0.000000,0.670804,0.642327,High,0.520586,Medium,1.0000,148,95.00,83;6;15 | 173;28;131 | 84;137;110 | 170;150;58,0.077836,0.040,Yes,Matched BPI risk class.
2025-03,2025,3,Cecid Fly,Fruitlet,Dry,0.18,infestation %,Low,0.0018,Enhanced Tree Graph,"194 mapped trees, crown-aware tree-to-tree graph",historical_weather_csv,48 hours per window,4,composite,No - historical spray/treatment records not available,0.0 - historical neighbor pressure records not available,0.1,0.65,0.65,0.0105,Low,testing,calibrated_score = scale * raw_score + intercept,0.471447,-0.008692,6,0.0500,0.1500,raw_score_class_thresholds_optimized_on_calibration,0.096056,1.000000,0.076608,Medium,0.027424,Low,1.0000,3,1.75,71 | 35 | 139;65;111 | 19;149,0.025624,0.031,Yes,Matched BPI risk class.
2025-04,2025,4,Cecid Fly,Fruitlet,Dry,0.03,infestation %,Low,0.0003,Enhanced Tree Graph,"194 mapped trees, crown-aware tree-to-tree graph",historical_weather_csv,48 hours per window,4,composite,No - historical spray/treatment records not available,0.0 - historical neighbor pressure records not available,0.1,0.65,0.65,0.0018,Low,testing,calibrated_score = scale * raw_score + intercept,0.471447,-0.008692,6,0.0500,0.1500,raw_score_class_thresholds_optimized_on_calibration,0.096056,1.000000,0.091374,Medium,0.034386,Low,1.0000,3,2.25,160;147 | 191;25 | 157;69;156 | 3;2,0.034086,0.030,Yes,Matched BPI risk class.
2025-05,2025,5,Fruit Fly,Mature,Dry,15.70,CPTD,Medium,0.3925,Enhanced Tree Graph,"194 mapped trees, crown-aware tree-to-tree graph",historical_weather_csv,48 hours per window,4,composite,No - historical spray/treatment records not available,0.0 - historical neighbor pressure records not available,0.1,0.65,0.1,0.3415,Medium,testing,calibrated_score = scale * raw_score + intercept,1.188484,-0.242810,9,0.2000,0.5000,raw_score_class_thresholds_optimized_on_calibration,0.000000,0.670804,0.617267,High,0.490802,Medium,1.0000,131,88.75,134;30;191 | 79;100;152 | 104;80;57 | 27;37;54,0.098302,0.039,Yes,Matched BPI risk class.
2025-06,2025,6,Fruit Fly,Mature,Wet,14.47,CPTD,Medium,0.3618,Enhanced Tree Graph,"194 mapped trees, crown-aware tree-to-tree graph",historical_weather_csv,48 hours per window,4,composite,No - historical spray/treatment records not available,0.0 - historical neighbor pressure records not available,0.1,0.65,0.1,0.3925,Medium,testing,calibrated_score = scale * raw_score + intercept,1.188484,-0.242810,9,0.2000,0.5000,raw_score_class_thresholds_optimized_on_calibration,0.000000,0.670804,0.596407,High,0.466011,Medium,1.0000,127,86.00,31;19;88 | 182;136;129 | 70;172;122 | 168;184;148,0.104261,0.040,Yes,Matched BPI risk class.
2025-07,2025,7,Fruit Fly,Mature,Wet,12.09,CPTD,Medium,0.3023,Enhanced Tree Graph,"194 mapped trees, crown-aware tree-to-tree graph",historical_weather_csv,48 hours per window,4,composite,No - historical spray/treatment records not available,0.0 - historical neighbor pressure records not available,0.1,0.65,0.1,0.3618,Medium,testing,calibrated_score = scale * raw_score + intercept,1.188484,-0.242810,9,0.2000,0.5000,raw_score_class_thresholds_optimized_on_calibration,0.000000,0.670804,0.603381,High,0.474299,Medium,1.0000,119,95.00,189;51;89 | 62;31;110 | 49;175;48 | 76;104;78,0.172049,0.041,Yes,Matched BPI risk class.
