pest,mode,scenario,parameter,value,runs,mean_new_affected,p05_new_affected,p95_new_affected,mean_paired_change,paired_change_se,runs_with_spread,mean_first_hour_among_spread,mean_max_distance_m
cecid,grid,baseline,baseline,default,30,3.8333333333333335,2.0,6.549999999999997,0.0,0.0,30,2.933333333333333,28.067875982778236
cecid,tree_graph,baseline,baseline,default,30,4.166666666666667,2.0,6.549999999999997,0.0,0.0,30,3.433333333333333,29.255030551916292
cecid,grid,egg_capacity_hours_4.0,egg_capacity_hours,4.0,30,2.3,0.4500000000000002,4.0,-1.5333333333333334,0.1840373108931074,28,2.5357142857142856,24.113579653415293
cecid,tree_graph,egg_capacity_hours_4.0,egg_capacity_hours,4.0,30,1.9,0.0,4.0,-2.2666666666666666,0.2792985192142075,27,2.703703703703704,19.38404125087364
cecid,grid,egg_capacity_hours_16.0,egg_capacity_hours,16.0,30,6.3,3.0,10.549999999999995,2.466666666666667,0.2432223018610863,30,2.7333333333333334,33.22185347969446
cecid,tree_graph,egg_capacity_hours_16.0,egg_capacity_hours,16.0,30,6.5,3.0,10.649999999999991,2.333333333333333,0.3192423982059095,30,3.2666666666666666,32.1535450571126
cecid,grid,adult_max_age_hours_24,adult_max_age_hours,24,30,3.8,2.0,6.549999999999997,-0.0333333333333333,0.0333333333333333,30,2.933333333333333,28.067875982778236
cecid,tree_graph,adult_max_age_hours_24,adult_max_age_hours,24,30,4.166666666666667,2.0,6.549999999999997,0.0,0.0,30,3.433333333333333,29.255030551916292
cecid,grid,adult_max_age_hours_72,adult_max_age_hours,72,30,3.8333333333333335,2.0,6.549999999999997,0.0,0.0,30,2.933333333333333,28.067875982778236
cecid,tree_graph,adult_max_age_hours_72,adult_max_age_hours,72,30,4.166666666666667,2.0,6.549999999999997,0.0,0.0,30,3.433333333333333,29.255030551916292
cecid,grid,adult_half_life_hours_12.0,adult_half_life_hours,12.0,30,3.2333333333333334,1.0,5.0,-0.6,0.1406062407666485,30,3.0,27.149663713639978
cecid,tree_graph,adult_half_life_hours_12.0,adult_half_life_hours,12.0,30,2.966666666666667,1.0,4.549999999999997,-1.2,0.1999999999999999,30,3.8,26.441299283186705
cecid,grid,adult_half_life_hours_48.0,adult_half_life_hours,48.0,30,4.266666666666667,2.0,7.549999999999997,0.4333333333333333,0.1037607031823908,30,2.933333333333333,29.659343197862192
cecid,tree_graph,adult_half_life_hours_48.0,adult_half_life_hours,48.0,30,4.366666666666666,2.0,7.0,0.2,0.1005730705941487,30,3.2666666666666666,29.61566876298878
cecid,grid,soil_half_life_hours_24.0,soil_half_life_hours,24.0,30,3.8333333333333335,2.0,6.549999999999997,0.0,0.0,30,2.933333333333333,28.067875982778236
cecid,tree_graph,soil_half_life_hours_24.0,soil_half_life_hours,24.0,30,4.166666666666667,2.0,6.549999999999997,0.0,0.0,30,3.433333333333333,29.255030551916292
cecid,grid,soil_half_life_hours_96.0,soil_half_life_hours,96.0,30,3.8333333333333335,2.0,6.549999999999997,0.0,0.0,30,2.933333333333333,28.067875982778236
cecid,tree_graph,soil_half_life_hours_96.0,soil_half_life_hours,96.0,30,4.166666666666667,2.0,6.549999999999997,0.0,0.0,30,3.433333333333333,29.255030551916292
cecid,grid,movement_range_m_10.0,movement_range_m,10.0,30,3.6,2.0,5.549999999999997,-0.2333333333333333,0.1239515416375669,30,3.8666666666666663,28.458901906958832
cecid,tree_graph,movement_range_m_10.0,movement_range_m,10.0,30,3.5,1.0,6.549999999999997,-0.6666666666666666,0.3082517754825146,29,4.655172413793103,27.642323680585104
cecid,grid,movement_range_m_20.0,movement_range_m,20.0,30,3.8333333333333335,2.0,6.549999999999997,0.0,0.067806350362081,30,2.7666666666666666,28.322519990278305
cecid,tree_graph,movement_range_m_20.0,movement_range_m,20.0,30,3.1333333333333333,1.0,6.0,-1.0333333333333334,0.3338501740261909,29,3.689655172413793,26.7218234645151
cecid,grid,wind_direction_assist_0.0,wind_direction_assist,0.0,30,3.5,1.4500000000000002,5.549999999999997,-0.3333333333333333,0.0875376219064816,30,3.466666666666667,26.806643695999146
cecid,tree_graph,wind_direction_assist_0.0,wind_direction_assist,0.0,30,4.033333333333333,2.0,6.549999999999997,-0.1333333333333333,0.1495843538850339,30,3.2,26.92537873010648
cecid,grid,wind_direction_assist_0.7,wind_direction_assist,0.7,30,4.066666666666666,2.0,6.549999999999997,0.2333333333333333,0.1143028175488988,30,2.9,29.89688621401946
cecid,tree_graph,wind_direction_assist_0.7,wind_direction_assist,0.7,30,4.0,1.4500000000000002,6.0,-0.1666666666666666,0.1981717201099617,30,3.3,29.305308835728265
cecid,grid,cloud_min_pct_30.0,cloud_min_pct,30.0,30,3.8333333333333335,2.0,6.549999999999997,0.0,0.0,30,2.933333333333333,28.067875982778236
cecid,tree_graph,cloud_min_pct_30.0,cloud_min_pct,30.0,30,4.166666666666667,2.0,6.549999999999997,0.0,0.0,30,3.433333333333333,29.255030551916292
cecid,grid,cloud_min_pct_70.0,cloud_min_pct,70.0,30,3.8333333333333335,2.0,6.549999999999997,0.0,0.0,30,2.933333333333333,28.067875982778236
cecid,tree_graph,cloud_min_pct_70.0,cloud_min_pct,70.0,30,4.166666666666667,2.0,6.549999999999997,0.0,0.0,30,3.433333333333333,29.255030551916292
cecid,grid,light_bright_ratio_0.65,light_bright_ratio,0.65,30,3.7,1.0,6.0,-0.1333333333333333,0.2019066208050252,30,4.466666666666667,28.98079894368152
cecid,tree_graph,light_bright_ratio_0.65,light_bright_ratio,0.65,30,3.5,1.4500000000000002,5.549999999999997,-0.6666666666666666,0.3333333333333333,30,4.833333333333333,27.463314852690885
cecid,grid,light_bright_ratio_0.95,light_bright_ratio,0.95,30,3.8,2.0,6.549999999999997,-0.0333333333333333,0.0894855453983996,30,2.6333333333333333,28.067875982778236
cecid,tree_graph,light_bright_ratio_0.95,light_bright_ratio,0.95,30,3.966666666666667,2.0,6.0,-0.2,0.1618854426800759,30,2.466666666666667,26.190986747352984
cecid,grid,daytime_activity_max_0.3,daytime_activity_max,0.3,30,3.6666666666666665,1.0,6.549999999999997,-0.1666666666666666,0.2495206131734759,30,6.333333333333333,29.024703180334157
cecid,tree_graph,daytime_activity_max_0.3,daytime_activity_max,0.3,30,3.7,2.0,7.099999999999994,-0.4666666666666667,0.3381264584674036,30,5.866666666666666,27.670388681674343
cecid,grid,daytime_activity_max_0.9,daytime_activity_max,0.9,30,4.133333333333334,2.0,6.549999999999997,0.3,0.1601005431222704,30,2.333333333333333,28.58983892390711
cecid,tree_graph,daytime_activity_max_0.9,daytime_activity_max,0.9,30,4.1,1.4500000000000002,5.549999999999997,-0.0666666666666666,0.2579019386543766,30,2.3,25.77627155255057
cecid,grid,bagging_reduction_0.4,bagging_reduction,0.4,30,4.5,2.0,7.549999999999997,0.6666666666666666,0.1206622848000984,30,2.9,30.140368498554547
cecid,tree_graph,bagging_reduction_0.4,bagging_reduction,0.4,30,5.1,3.0,8.549999999999997,0.9333333333333332,0.2193686517348927,30,2.6,30.778838355319603
cecid,grid,bagging_reduction_0.9,bagging_reduction,0.9,30,3.2333333333333334,1.0,5.0,-0.6,0.1406062407666485,30,3.3666666666666667,27.870422933696105
cecid,tree_graph,bagging_reduction_0.9,bagging_reduction,0.9,30,3.4,1.0,6.0,-0.7666666666666667,0.1773582213975941,30,4.266666666666667,27.047174953977635
cecid,grid,spread_probability_0.06,spread_probability,0.06,30,3.3666666666666667,1.0,6.549999999999997,-0.4666666666666667,0.2286056350977977,30,7.7,27.484296018017364
cecid,tree_graph,spread_probability_0.06,spread_probability,0.06,30,3.0,1.0,6.0,-1.1666666666666667,0.3426849138663254,29,6.482758620689655,24.980924676548295
cecid,grid,spread_probability_0.24,spread_probability,0.24,30,4.4,1.4500000000000002,7.0,0.5666666666666667,0.2612231764080674,29,1.7241379310344829,29.824283535035907
cecid,tree_graph,spread_probability_0.24,spread_probability,0.24,30,3.9,1.0,6.549999999999997,-0.2666666666666666,0.3067566084996988,30,1.8666666666666667,28.654069459286745
cecid,grid,source_presence_0.0,source_presence,0.0,30,0.0,0.0,0.0,-3.8333333333333335,0.2839917974100107,0,,0.0
cecid,tree_graph,source_presence_0.0,source_presence,0.0,30,0.0,0.0,0.0,-4.166666666666667,0.3183410061060032,0,,0.0
cecid,grid,source_presence_0.5,source_presence,0.5,30,2.333333333333333,0.0,5.0,-1.5,0.3547704454510229,21,3.7142857142857135,21.61016405314517
cecid,tree_graph,source_presence_0.5,source_presence,0.5,30,2.2666666666666666,0.0,5.549999999999997,-1.9,0.4049975166661484,21,3.809523809523809,20.698479438554944
cecid,grid,bagged_fraction_0.0,bagged_fraction,0.0,30,5.733333333333333,2.45,9.0,1.9,0.221541101762438,30,1.8666666666666667,32.6056421136948
cecid,tree_graph,bagged_fraction_0.0,bagged_fraction,0.0,30,6.066666666666666,3.45,9.549999999999995,1.9,0.2727046315924136,30,2.466666666666667,31.4824810143734
cecid,grid,bagged_fraction_1.0,bagged_fraction,1.0,30,2.1,0.0,4.0,-1.7333333333333334,0.2394117951623003,27,5.037037037037037,20.93463672992725
cecid,tree_graph,bagged_fraction_1.0,bagged_fraction,1.0,30,1.6666666666666667,0.0,3.0,-2.5,0.2615163562718423,27,5.62962962962963,18.43904130608508
cecid,grid,initial_moisture_0.0,initial_moisture,0.0,30,0.0,0.0,0.0,-3.8333333333333335,0.2839917974100107,0,,0.0
cecid,tree_graph,initial_moisture_0.0,initial_moisture,0.0,30,0.0,0.0,0.0,-4.166666666666667,0.3183410061060032,0,,0.0
cecid,grid,initial_moisture_0.25,initial_moisture,0.25,30,3.8333333333333335,2.0,6.549999999999997,0.0,0.0,30,2.933333333333333,28.067875982778236
cecid,tree_graph,initial_moisture_0.25,initial_moisture,0.25,30,4.166666666666667,2.0,6.549999999999997,0.0,0.0,30,3.433333333333333,29.255030551916292
cecid,grid,bright_sunshine,daylight_condition,bright_sunshine,30,3.733333333333333,1.0,6.0,-0.1,0.3693734987911225,30,12.266666666666667,25.87347100397793
cecid,tree_graph,bright_sunshine,daylight_condition,bright_sunshine,30,3.1333333333333333,1.0,6.0,-1.0333333333333334,0.3996646103500829,30,15.3,25.305434568595043
cecid,grid,intermittent_sunshine,daylight_condition,intermittent_sunshine,30,3.7666666666666666,2.0,6.0,-0.0666666666666666,0.095090197149179,30,3.433333333333333,28.76403843039056
cecid,tree_graph,intermittent_sunshine,daylight_condition,intermittent_sunshine,30,3.8,1.4500000000000002,6.0,-0.3666666666666666,0.1396492596071037,30,3.8333333333333335,28.162338639768716
cecid,grid,dim_overcast,daylight_condition,dim_overcast,30,4.266666666666667,1.4500000000000002,7.0,0.4333333333333333,0.2567853136727403,29,1.7586206896551724,29.13031199063008
cecid,tree_graph,dim_overcast,daylight_condition,dim_overcast,30,3.8666666666666663,1.0,6.549999999999997,-0.3,0.2842614952840948,30,1.9666666666666663,27.289049441801257
cecid,grid,unknown_light,daylight_evidence,missing,30,3.733333333333333,1.0,6.0,-0.1,0.3693734987911225,30,12.266666666666667,25.87347100397793
cecid,tree_graph,unknown_light,daylight_evidence,missing,30,3.1333333333333333,1.0,6.0,-1.0333333333333334,0.3996646103500829,30,15.3,25.305434568595043
cecid,grid,rain_break,rain_schedule,"4h rain,1h dry,repeat",30,2.1666666666666665,0.0,4.0,-1.6666666666666667,0.3263639225798186,26,11.115384615384617,20.275481414021133
cecid,tree_graph,rain_break,rain_schedule,"4h rain,1h dry,repeat",30,1.7,0.0,3.549999999999997,-2.466666666666667,0.3097397251209597,26,19.0,17.44123220929157
cecid,grid,continuous_rain,rain_schedule,2mm/h,30,0.0,0.0,0.0,-3.8333333333333335,0.2839917974100107,0,,0.0
cecid,tree_graph,continuous_rain,rain_schedule,2mm/h,30,0.0,0.0,0.0,-4.166666666666667,0.3183410061060032,0,,0.0
cecid,grid,wrong_host_stage,host_stage,mature,30,0.0,0.0,0.0,-3.8333333333333335,0.2839917974100107,0,,0.0
cecid,tree_graph,wrong_host_stage,host_stage,mature,30,0.0,0.0,0.0,-4.166666666666667,0.3183410061060032,0,,0.0
fruitfly,grid,baseline,baseline,default,30,19.1,15.45,22.0,0.0,0.0,30,0.0333333333333333,23.94030416765497
fruitfly,tree_graph,baseline,baseline,default,30,11.066666666666666,9.0,14.0,0.0,0.0,30,0.9,18.82842712474619
fruitfly,grid,night_activity_0.0,night_activity,0.0,30,19.066666666666663,15.45,22.0,-0.0333333333333333,0.0333333333333333,30,0.0333333333333333,23.94030416765497
fruitfly,tree_graph,night_activity_0.0,night_activity,0.0,30,11.3,9.0,14.549999999999995,0.2333333333333333,0.3345380528613457,30,0.9,19.21895141649746
fruitfly,grid,night_activity_0.1,night_activity,0.1,30,19.566666666666663,15.9,23.0,0.4666666666666667,0.1043131154440315,30,0.0333333333333333,24.137757216737104
fruitfly,tree_graph,night_activity_0.1,night_activity,0.1,30,11.266666666666667,9.0,14.0,0.2,0.147000664632167,30,0.9,18.82842712474619
fruitfly,grid,bagging_reduction_0.4,bagging_reduction,0.4,30,22.03333333333333,18.9,25.099999999999994,2.933333333333333,0.3319511573729274,30,0.0,25.914834658476305
fruitfly,tree_graph,bagging_reduction_0.4,bagging_reduction,0.4,30,13.4,11.0,15.0,2.333333333333333,0.3367639554433101,30,0.7,20.0
fruitfly,grid,bagging_reduction_0.9,bagging_reduction,0.9,30,15.233333333333333,13.0,18.0,-3.8666666666666663,0.2825716604598188,30,0.1,22.95303892224431
fruitfly,tree_graph,bagging_reduction_0.9,bagging_reduction,0.9,30,9.166666666666666,6.45,11.549999999999995,-1.9,0.3534721046074671,30,1.0333333333333334,19.414213562373096
fruitfly,grid,spread_probability_0.04,spread_probability,0.04,30,15.0,12.45,18.0,-4.1,0.3045629995414005,30,0.1333333333333333,22.95303892224431
fruitfly,tree_graph,spread_probability_0.04,spread_probability,0.04,30,7.866666666666666,5.0,10.549999999999995,-3.2,0.3695290572308639,30,2.2666666666666666,18.04737854124365
fruitfly,grid,spread_probability_0.16,spread_probability,0.16,30,23.066666666666663,20.0,24.55,3.966666666666667,0.3697881758779708,30,0.0,25.914834658476305
fruitfly,tree_graph,spread_probability_0.16,spread_probability,0.16,30,15.066666666666666,13.0,17.0,4.0,0.3587974807379617,30,0.1333333333333333,20.0
fruitfly,grid,temperature_22.0,temperature_c,22.0,30,14.533333333333331,11.45,17.549999999999997,-4.566666666666666,0.320500088164434,30,0.5,22.95303892224431
fruitfly,tree_graph,temperature_22.0,temperature_c,22.0,30,8.133333333333333,5.45,10.0,-2.933333333333333,0.3617751042479841,30,2.2333333333333334,17.65685424949238
fruitfly,grid,temperature_34.0,temperature_c,34.0,30,20.03333333333333,16.45,23.0,0.9333333333333332,0.2193686517348928,30,0.0333333333333333,24.53266331490137
fruitfly,tree_graph,temperature_34.0,temperature_c,34.0,30,12.566666666666666,9.0,16.0,1.5,0.2658752624303618,30,0.7333333333333333,19.60947570824873
fruitfly,grid,source_presence_0.0,source_presence,0.0,30,0.0,0.0,0.0,-19.1,0.3905492742691809,0,,0.0
fruitfly,tree_graph,source_presence_0.0,source_presence,0.0,30,0.0,0.0,0.0,-11.066666666666666,0.3177989436457828,0,,0.0
fruitfly,grid,source_presence_0.5,source_presence,0.5,30,11.3,0.0,21.55,-7.8,1.481999270944645,22,0.1818181818181818,17.187644031326993
fruitfly,tree_graph,source_presence_0.5,source_presence,0.5,30,6.266666666666667,0.0,12.549999999999995,-4.8,0.9437026611405088,22,1.9090909090909087,13.690355937288492
fruitfly,grid,bagged_fraction_0.0,bagged_fraction,0.0,30,23.73333333333333,20.45,27.0,4.633333333333334,0.3603425360612026,30,0.0,27.29700600205124
fruitfly,tree_graph,bagged_fraction_0.0,bagged_fraction,0.0,30,14.6,12.0,16.0,3.533333333333333,0.3206793554972717,30,0.4,19.60947570824873
fruitfly,grid,bagged_fraction_1.0,bagged_fraction,1.0,30,15.166666666666666,11.45,19.0,-3.933333333333333,0.2792985192142075,30,0.6666666666666666,23.94030416765497
fruitfly,tree_graph,bagged_fraction_1.0,bagged_fraction,1.0,30,7.933333333333334,5.0,10.0,-3.1333333333333333,0.4003829584409926,30,1.9333333333333331,17.461592103616745
fruitfly,grid,wrong_host_stage,host_stage,fruitlet,30,0.0,0.0,0.0,-19.1,0.3905492742691809,0,,0.0
fruitfly,tree_graph,wrong_host_stage,host_stage,fruitlet,30,0.0,0.0,0.0,-11.066666666666666,0.3177989436457828,0,,0.0
