pest,mode,scenario,runs,mean_new_affected_v16,mean_new_affected_v17,change
cecid,grid,adult_half_life_hours_12.0,30,3.2333333333333334,3.2333333333333334,0.0
cecid,grid,adult_half_life_hours_48.0,30,4.266666666666667,4.266666666666667,0.0
cecid,grid,adult_max_age_hours_24,30,3.8,3.8,0.0
cecid,grid,adult_max_age_hours_72,30,3.8333333333333335,3.8333333333333335,0.0
cecid,grid,bagged_fraction_0.0,30,5.733333333333333,5.733333333333333,0.0
cecid,grid,bagged_fraction_1.0,30,2.1,2.1,0.0
cecid,grid,bagging_reduction_0.4,30,4.5,4.5,0.0
cecid,grid,bagging_reduction_0.9,30,3.2333333333333334,3.2333333333333334,0.0
cecid,grid,baseline,30,3.8333333333333335,3.8333333333333335,0.0
cecid,grid,bright_sunshine,30,3.7333333333333334,3.7333333333333334,0.0
cecid,grid,cloud_min_pct_30.0,30,3.8333333333333335,3.8333333333333335,0.0
cecid,grid,cloud_min_pct_70.0,30,3.8333333333333335,3.8333333333333335,0.0
cecid,grid,continuous_rain,30,0.0,0.0,0.0
cecid,grid,daytime_activity_max_0.3,30,3.6666666666666665,3.6666666666666665,0.0
cecid,grid,daytime_activity_max_0.9,30,4.133333333333334,4.133333333333334,0.0
cecid,grid,dim_overcast,30,4.266666666666667,4.266666666666667,0.0
cecid,grid,egg_capacity_hours_16.0,30,6.3,6.3,0.0
cecid,grid,egg_capacity_hours_4.0,30,2.3,2.3,0.0
cecid,grid,initial_moisture_0.0,30,0.0,0.0,0.0
cecid,grid,initial_moisture_0.25,30,3.8333333333333335,3.8333333333333335,0.0
cecid,grid,intermittent_sunshine,30,3.7666666666666666,3.7666666666666666,0.0
cecid,grid,light_bright_ratio_0.65,30,3.7,3.7,0.0
cecid,grid,light_bright_ratio_0.95,30,3.8,3.8,0.0
cecid,grid,movement_range_m_10.0,30,3.6,3.6,0.0
cecid,grid,movement_range_m_20.0,30,3.8333333333333335,3.8333333333333335,0.0
cecid,grid,rain_break,30,2.1666666666666665,2.1666666666666665,0.0
cecid,grid,soil_half_life_hours_24.0,30,3.8333333333333335,3.8333333333333335,0.0
cecid,grid,soil_half_life_hours_96.0,30,3.8333333333333335,3.8333333333333335,0.0
cecid,grid,source_presence_0.0,30,0.0,0.0,0.0
cecid,grid,source_presence_0.5,30,2.3333333333333335,2.3333333333333335,0.0
cecid,grid,spread_probability_0.06,30,3.3666666666666667,3.3666666666666667,0.0
cecid,grid,spread_probability_0.24,30,4.4,4.4,0.0
cecid,grid,unknown_light,30,3.7333333333333334,3.7333333333333334,0.0
cecid,grid,wind_direction_assist_0.0,30,3.5,3.5,0.0
cecid,grid,wind_direction_assist_0.7,30,4.066666666666666,4.066666666666666,0.0
cecid,grid,wrong_host_stage,30,0.0,0.0,0.0
cecid,tree_graph,adult_half_life_hours_12.0,30,2.966666666666667,2.966666666666667,0.0
cecid,tree_graph,adult_half_life_hours_48.0,30,4.366666666666666,4.366666666666666,0.0
cecid,tree_graph,adult_max_age_hours_24,30,4.166666666666667,4.166666666666667,0.0
cecid,tree_graph,adult_max_age_hours_72,30,4.166666666666667,4.166666666666667,0.0
cecid,tree_graph,bagged_fraction_0.0,30,6.066666666666666,6.066666666666666,0.0
cecid,tree_graph,bagged_fraction_1.0,30,1.6666666666666667,1.6666666666666667,0.0
cecid,tree_graph,bagging_reduction_0.4,30,5.1,5.1,0.0
cecid,tree_graph,bagging_reduction_0.9,30,3.4,3.4,0.0
cecid,tree_graph,baseline,30,4.166666666666667,4.166666666666667,0.0
cecid,tree_graph,bright_sunshine,30,3.1333333333333333,3.1333333333333333,0.0
cecid,tree_graph,cloud_min_pct_30.0,30,4.166666666666667,4.166666666666667,0.0
cecid,tree_graph,cloud_min_pct_70.0,30,4.166666666666667,4.166666666666667,0.0
cecid,tree_graph,continuous_rain,30,0.0,0.0,0.0
cecid,tree_graph,daytime_activity_max_0.3,30,3.7,3.7,0.0
cecid,tree_graph,daytime_activity_max_0.9,30,4.1,4.1,0.0
cecid,tree_graph,dim_overcast,30,3.8666666666666667,3.8666666666666667,0.0
cecid,tree_graph,egg_capacity_hours_16.0,30,6.5,6.5,0.0
cecid,tree_graph,egg_capacity_hours_4.0,30,1.9,1.9,0.0
cecid,tree_graph,initial_moisture_0.0,30,0.0,0.0,0.0
cecid,tree_graph,initial_moisture_0.25,30,4.166666666666667,4.166666666666667,0.0
cecid,tree_graph,intermittent_sunshine,30,3.8,3.8,0.0
cecid,tree_graph,light_bright_ratio_0.65,30,3.5,3.5,0.0
cecid,tree_graph,light_bright_ratio_0.95,30,3.966666666666667,3.966666666666667,0.0
cecid,tree_graph,movement_range_m_10.0,30,3.5,3.5,0.0
cecid,tree_graph,movement_range_m_20.0,30,3.1333333333333333,3.1333333333333333,0.0
cecid,tree_graph,rain_break,30,1.7,1.7,0.0
cecid,tree_graph,soil_half_life_hours_24.0,30,4.166666666666667,4.166666666666667,0.0
cecid,tree_graph,soil_half_life_hours_96.0,30,4.166666666666667,4.166666666666667,0.0
cecid,tree_graph,source_presence_0.0,30,0.0,0.0,0.0
cecid,tree_graph,source_presence_0.5,30,2.2666666666666666,2.2666666666666666,0.0
cecid,tree_graph,spread_probability_0.06,30,3.0,3.0,0.0
cecid,tree_graph,spread_probability_0.24,30,3.9,3.9,0.0
cecid,tree_graph,unknown_light,30,3.1333333333333333,3.1333333333333333,0.0
cecid,tree_graph,wind_direction_assist_0.0,30,4.033333333333333,4.033333333333333,0.0
cecid,tree_graph,wind_direction_assist_0.7,30,4.0,4.0,0.0
cecid,tree_graph,wrong_host_stage,30,0.0,0.0,0.0
fruitfly,grid,bagged_fraction_0.0,30,47.0,23.733333333333334,-23.266666666666666
fruitfly,grid,bagged_fraction_1.0,30,44.36666666666667,15.166666666666666,-29.200000000000003
fruitfly,grid,bagging_reduction_0.4,30,46.96666666666667,22.033333333333335,-24.933333333333334
fruitfly,grid,bagging_reduction_0.9,30,41.63333333333333,15.233333333333333,-26.4
fruitfly,grid,baseline,30,46.3,19.1,-27.199999999999996
fruitfly,grid,night_activity_0.0,30,46.266666666666666,19.066666666666666,-27.2
fruitfly,grid,night_activity_0.1,30,46.43333333333333,19.566666666666666,-26.866666666666664
fruitfly,grid,source_presence_0.0,30,0.0,0.0,0.0
fruitfly,grid,source_presence_0.5,30,33.833333333333336,11.3,-22.533333333333335
fruitfly,grid,spread_probability_0.04,30,43.53333333333333,15.0,-28.53333333333333
fruitfly,grid,spread_probability_0.16,30,46.96666666666667,23.066666666666666,-23.900000000000002
fruitfly,grid,temperature_22.0,30,42.93333333333333,14.533333333333333,-28.4
fruitfly,grid,temperature_34.0,30,46.5,20.033333333333335,-26.466666666666665
fruitfly,grid,wrong_host_stage,30,0.0,0.0,0.0
fruitfly,tree_graph,bagged_fraction_0.0,30,46.9,14.6,-32.3
fruitfly,tree_graph,bagged_fraction_1.0,30,26.1,7.933333333333334,-18.166666666666668
fruitfly,tree_graph,bagging_reduction_0.4,30,45.86666666666667,13.4,-32.46666666666667
fruitfly,tree_graph,bagging_reduction_0.9,30,29.3,9.166666666666666,-20.133333333333333
fruitfly,tree_graph,baseline,30,41.333333333333336,11.066666666666666,-30.26666666666667
fruitfly,tree_graph,night_activity_0.0,30,41.6,11.3,-30.3
fruitfly,tree_graph,night_activity_0.1,30,42.166666666666664,11.266666666666667,-30.9
fruitfly,tree_graph,source_presence_0.0,30,0.0,0.0,0.0
fruitfly,tree_graph,source_presence_0.5,30,27.066666666666666,6.266666666666667,-20.8
fruitfly,tree_graph,spread_probability_0.04,30,22.633333333333333,7.866666666666666,-14.766666666666666
fruitfly,tree_graph,spread_probability_0.16,30,46.7,15.066666666666666,-31.633333333333336
fruitfly,tree_graph,temperature_22.0,30,24.7,8.133333333333333,-16.566666666666666
fruitfly,tree_graph,temperature_34.0,30,43.86666666666667,12.566666666666666,-31.3
fruitfly,tree_graph,wrong_host_stage,30,0.0,0.0,0.0
